Unnamed: 0,Age,Sex,Job,Saving_accounts,Checking_account,Credit_amount,Duration,Default,Credit_per_Duration,Housing_own,Housing_rent,Purpose_car,Purpose_domestic appliances,Purpose_education,Purpose_furniture/equipment,Purpose_radio/TV,Purpose_repairs,Purpose_vacation/others,Credit_Amount_Bin,Credit_Duration_Product,Age_Group_Label
0,67,1,1,4,0,1169,6,0,194.83333333333331,True,False,False,False,False,False,True,False,False,1,7014,2
1,22,0,1,0,1,5951,48,1,123.97916666666669,True,False,False,False,False,False,True,False,False,0,285648,3
2,49,1,1,0,3,2096,12,0,174.66666666666666,True,False,False,False,True,False,False,False,False,2,25152,1
3,45,1,1,0,0,7882,42,1,187.66666666666663,False,False,False,False,False,True,False,False,False,0,331044,1
4,53,1,1,0,0,4870,24,0,202.91666666666663,False,False,True,False,False,False,False,False,False,2,116880,1
6,53,1,1,2,3,2835,24,0,118.125,True,False,False,False,False,True,False,False,False,2,68040,1
7,35,1,1,0,1,6948,36,1,193.0,False,True,True,False,False,False,False,False,False,0,250128,0
8,61,1,1,3,3,3059,12,0,254.91666666666663,True,False,False,False,False,False,True,False,False,2,36708,2
9,28,1,1,0,1,5234,30,1,174.46666666666667,True,False,True,False,False,False,False,False,False,0,157020,0
10,25,0,1,0,1,1295,12,0,107.91666666666669,False,True,True,False,False,False,False,False,False,1,15540,0
11,24,0,1,0,0,4308,48,0,89.75,False,True,False,False,False,False,False,False,False,2,206784,3
12,22,0,1,0,1,1567,12,0,130.58333333333334,True,False,False,False,False,False,True,False,False,1,18804,3
13,60,1,1,0,0,1199,24,0,49.958333333333336,True,False,True,False,False,False,False,False,False,1,28776,2
14,28,0,1,0,0,1403,15,0,93.53333333333332,False,True,True,False,False,False,False,False,False,1,21045,0
15,32,0,1,1,0,1282,24,0,53.41666666666666,True,False,False,False,False,False,True,False,False,1,30768,0
17,25,1,1,4,0,8072,30,1,269.06666666666666,True,False,False,False,False,False,False,False,False,0,242160,0
18,44,0,1,0,1,12579,24,1,524.125,False,False,True,False,False,False,False,False,False,3,301896,1
19,31,1,1,2,3,3430,24,0,142.91666666666666,True,False,False,False,False,False,True,False,False,2,82320,0
20,48,1,1,0,3,2134,9,0,237.11111111111111,True,False,True,False,False,False,False,False,False,2,19206,1
21,44,1,1,2,0,2647,6,0,441.1666666666667,False,True,False,False,False,False,True,False,False,2,15882,1
22,48,1,1,0,0,2241,10,0,224.1,False,True,True,False,False,False,False,False,False,2,22410,1
23,44,1,1,1,1,1804,12,0,150.33333333333334,True,False,True,False,False,False,False,False,False,1,21648,1
25,36,1,1,0,0,1374,6,0,229.0,True,False,False,False,False,True,False,False,False,1,8244,0
26,39,1,1,0,3,426,6,0,71.0,True,False,False,False,False,False,True,False,False,1,2556,0
27,42,0,1,3,2,409,12,0,34.083333333333336,False,True,False,False,False,False,True,False,False,1,4908,1
28,34,1,1,0,1,2415,7,0,345.0,True,False,False,False,False,False,True,False,False,2,16905,0
29,63,1,1,0,0,6836,60,1,113.93333333333334,True,False,False,False,False,False,False,False,False,0,410160,2
30,36,1,1,3,1,1913,18,0,106.27777777777776,True,False,False,False,False,False,False,False,False,1,34434,0
31,27,1,1,0,0,4020,24,0,167.5,True,False,False,False,False,True,False,False,False,2,96480,0
32,30,1,1,1,1,5866,18,1,325.8888888888889,True,False,True,False,False,False,False,False,False,0,105588,0
34,33,0,1,0,2,1474,12,0,122.83333333333331,True,False,False,False,False,True,False,False,False,1,17688,0
35,25,1,1,0,1,4746,45,0,105.46666666666668,True,False,False,False,False,False,True,False,False,2,213570,0
36,31,1,1,0,3,6110,48,1,127.29166666666669,False,False,False,False,True,False,False,False,False,0,293280,0
37,37,1,1,0,2,2100,18,0,116.66666666666669,True,False,False,False,False,False,True,False,False,2,37800,0
38,37,1,1,0,2,1225,10,0,122.5,True,False,False,True,False,False,False,False,False,1,12250,0
39,24,1,1,0,1,458,9,0,50.888888888888886,True,False,False,False,False,False,True,False,False,1,4122,3
40,30,1,1,2,3,2333,30,0,77.76666666666667,True,False,False,False,False,False,True,False,False,2,69990,0
41,26,1,1,2,1,1158,12,0,96.5,True,False,False,False,False,False,True,False,False,1,13896,0
42,44,1,1,0,1,6204,18,1,344.6666666666667,True,False,False,False,False,False,False,True,False,0,111672,1
43,24,1,1,1,0,6187,30,1,206.2333333333333,False,True,True,False,False,False,False,False,False,0,185610,3
44,58,0,1,0,0,6143,48,1,127.97916666666669,False,False,True,False,False,False,False,False,False,0,294864,1
45,35,0,1,0,3,1393,11,0,126.63636363636364,True,False,True,False,False,False,False,False,False,1,15323,0
46,39,1,1,2,3,2299,36,0,63.86111111111112,True,False,False,False,False,False,True,False,False,2,82764,0
47,23,0,0,2,0,1352,6,0,225.33333333333331,False,True,True,False,False,False,False,False,False,1,8112,3
48,39,1,1,0,3,7228,11,1,657.0909090909091,True,False,True,False,False,False,False,False,False,0,79508,0
49,28,0,1,1,3,2073,12,0,172.75,True,False,False,False,False,False,True,False,False,2,24876,0
50,29,1,1,4,1,2333,24,0,97.20833333333331,True,False,False,False,False,True,False,False,False,2,55992,0
51,30,1,1,0,1,5965,27,1,220.92592592592592,True,False,True,False,False,False,False,False,False,0,161055,0
52,25,1,1,0,3,1262,12,0,105.16666666666669,True,False,False,False,False,False,True,False,False,1,15144,0
54,57,1,1,0,1,2225,36,0,61.80555555555556,False,False,True,False,False,False,False,False,False,2,80100,1
56,52,1,1,4,1,6468,12,1,539.0,True,False,False,False,False,False,True,False,False,0,77616,1
57,31,0,1,0,3,9566,36,1,265.72222222222223,True,False,False,False,False,False,True,False,False,0,344376,0
58,23,0,1,0,2,1961,18,0,108.94444444444444,True,False,True,False,False,False,False,False,False,1,35298,3
59,23,0,1,0,0,6229,36,1,173.02777777777777,False,True,False,False,False,True,False,False,False,0,224244,3
60,27,1,1,0,1,1391,9,0,154.55555555555554,True,False,False,False,False,False,False,False,False,1,12519,0
61,50,1,1,4,1,1537,15,0,102.46666666666668,True,False,False,False,False,False,True,False,False,1,23055,1
62,61,1,1,0,1,1953,36,0,54.25,False,False,False,False,False,False,False,False,False,1,70308,2
63,25,1,1,0,1,14421,48,1,300.4375,True,False,False,False,False,False,False,False,False,3,692208,0
64,26,0,1,0,3,3181,24,0,132.54166666666666,True,False,False,False,False,False,True,False,False,2,76344,0
66,29,0,1,0,3,2171,12,0,180.91666666666663,True,False,False,False,False,False,True,False,False,2,26052,0
67,22,1,1,3,1,1007,12,0,83.91666666666667,True,False,True,False,False,False,False,False,False,1,12084,3
68,37,1,1,0,3,1819,36,0,50.52777777777778,False,False,False,False,True,False,False,False,False,1,65484,0
70,30,0,1,0,3,8133,36,1,225.91666666666663,True,False,True,False,False,False,False,False,False,0,292788,0
72,51,1,1,0,0,1164,8,0,145.5,False,False,False,False,False,False,False,False,True,1,9312,1
73,41,0,1,0,1,5954,42,1,141.76190476190476,True,False,False,False,False,False,False,False,False,0,250068,1
74,40,1,1,4,0,1977,36,0,54.91666666666666,True,False,False,False,True,False,False,False,False,1,71172,1
75,66,1,1,0,0,1526,12,0,127.16666666666669,False,False,True,False,False,False,False,False,False,1,18312,2
76,34,1,1,0,0,3965,42,0,94.4047619047619,True,False,False,False,False,False,True,False,False,2,166530,0
77,51,1,1,0,1,4771,11,0,433.7272727272728,True,False,False,False,False,False,True,False,False,2,52481,1
79,22,1,1,0,1,3832,30,0,127.73333333333332,True,False,False,False,False,True,False,False,False,2,114960,3
81,47,1,1,2,3,1213,15,0,80.86666666666666,True,False,False,False,False,False,True,False,False,1,18195,1
82,24,0,1,1,3,1568,18,0,87.11111111111111,False,True,False,False,False,False,False,False,False,1,28224,3
83,58,0,1,0,0,1755,24,0,73.125,True,False,False,False,False,False,False,False,True,1,42120,1
84,52,1,1,0,0,2315,10,0,231.5,True,False,False,False,False,False,True,False,False,2,23150,1
85,29,0,1,0,3,1412,12,0,117.66666666666669,True,False,False,False,False,False,False,False,False,1,16944,0
86,27,0,1,0,1,1295,18,0,71.94444444444444,True,False,False,False,False,True,False,False,False,1,23310,0
87,47,1,1,1,1,12612,36,1,350.3333333333333,False,False,False,False,True,False,False,False,False,3,454032,1
88,30,1,1,1,0,2249,18,0,124.94444444444444,True,False,True,False,False,False,False,False,False,2,40482,0
89,28,1,1,0,0,1108,12,0,92.33333333333331,True,False,False,False,False,False,False,True,False,1,13296,0
90,56,1,1,0,3,618,12,0,51.5,True,False,False,False,False,False,True,False,False,1,7416,1
91,54,1,1,0,0,1409,12,0,117.41666666666669,True,False,True,False,False,False,False,False,False,1,16908,1
93,20,1,1,4,2,3617,24,0,150.70833333333334,False,True,False,False,False,True,False,False,False,2,86808,3
94,54,1,1,3,1,1318,12,0,109.83333333333331,True,False,True,False,False,False,False,False,False,1,15816,1
95,58,1,1,0,1,15945,54,1,295.27777777777777,False,True,False,False,False,False,False,False,False,3,861030,1
97,34,1,1,1,1,2622,18,0,145.66666666666666,True,False,False,False,False,False,False,False,False,2,47196,0
98,36,1,1,0,1,2337,36,0,64.91666666666667,True,False,False,False,False,False,True,False,False,2,84132,0
99,36,1,1,4,1,7057,20,1,352.85,False,True,True,False,False,False,False,False,False,0,141140,0
100,41,1,1,1,3,1469,24,0,61.208333333333336,False,True,True,False,False,False,False,False,False,1,35256,1
101,24,1,1,0,1,2323,36,0,64.52777777777777,False,True,False,False,False,False,True,False,False,2,83628,3
102,24,0,1,0,3,932,6,0,155.33333333333334,True,False,False,False,False,False,True,False,False,1,5592,3
103,35,1,1,0,1,1919,9,0,213.22222222222223,False,True,False,False,False,True,False,False,False,1,17271,0
105,39,1,1,0,1,11938,24,1,497.4166666666667,True,False,False,False,False,False,False,False,True,3,286512,0
106,39,1,1,0,3,6458,18,1,358.77777777777777,True,False,True,False,False,False,False,False,False,0,116244,0
107,32,1,1,0,1,6078,12,1,506.5,True,False,True,False,False,False,False,False,False,0,72936,0
108,30,0,1,4,0,7721,24,1,321.7083333333333,True,False,False,False,False,True,False,False,False,0,185304,0
109,35,1,1,2,1,1410,14,0,100.71428571428572,True,False,False,False,False,False,False,False,False,1,19740,0
110,31,1,1,1,1,1449,6,0,241.5,True,False,False,False,False,False,False,False,False,1,8694,0
111,23,0,1,0,2,392,15,0,26.133333333333333,False,True,False,False,True,False,False,False,False,1,5880,3
112,28,1,1,0,1,6260,18,1,347.77777777777777,False,True,True,False,False,False,False,False,False,0,112680,0
113,25,0,1,0,3,7855,36,1,218.19444444444449,True,False,True,False,False,False,False,False,False,0,282780,0
114,35,1,1,2,0,1680,12,0,140.0,True,False,False,False,False,False,True,False,False,1,20160,0
116,30,0,1,4,0,7174,42,1,170.8095238095238,True,False,False,False,False,False,True,False,False,0,301308,0
117,27,0,1,4,0,2132,10,0,213.2,False,True,False,False,False,True,False,False,False,2,21320,0
118,23,0,1,2,0,4281,33,0,129.72727272727272,True,False,False,False,False,True,False,False,False,2,141273,3
119,36,1,1,2,1,2366,12,0,197.16666666666663,True,False,True,False,False,False,False,False,False,2,28392,0
120,25,0,1,0,0,1835,21,0,87.38095238095238,True,False,False,False,False,False,True,False,False,1,38535,0
121,41,0,1,0,3,3868,24,0,161.16666666666666,False,True,True,False,False,False,False,False,False,2,92832,1
122,24,1,1,0,3,1768,12,0,147.33333333333334,False,True,False,False,False,True,False,False,False,1,21216,3
123,63,1,1,0,2,781,10,0,78.1,False,False,True,False,False,False,False,False,False,1,7810,2
124,27,0,1,4,1,1924,18,0,106.88888888888889,False,True,False,False,False,True,False,False,False,1,34632,0
125,30,1,1,0,0,2121,12,0,176.75,True,False,True,False,False,False,False,False,False,2,25452,0
126,40,1,1,0,0,701,12,0,58.41666666666666,True,False,False,False,False,False,True,False,False,1,8412,1
127,30,1,1,0,1,639,12,0,53.25,True,False,False,False,False,False,False,True,False,1,7668,0
128,34,1,1,0,1,1860,12,0,155.0,True,False,True,False,False,False,False,False,False,1,22320,0
129,29,0,1,0,0,3499,12,0,291.5833333333333,True,False,True,False,False,False,False,False,False,2,41988,0
130,24,0,1,4,1,8487,48,1,176.8125,True,False,True,False,False,False,False,False,False,0,407376,3
131,29,1,1,0,0,6887,36,1,191.30555555555557,True,False,False,False,True,False,False,False,False,0,247932,0
132,27,1,1,0,3,2708,15,0,180.53333333333333,True,False,False,False,False,True,False,False,False,2,40620,0
133,47,1,1,0,3,1984,18,0,110.22222222222224,False,False,False,False,False,True,False,False,False,1,35712,1
134,21,0,1,1,3,10144,60,1,169.06666666666666,True,False,False,False,False,False,True,False,False,3,608640,3
136,27,1,1,3,3,8613,27,1,319.0,True,False,True,False,False,False,False,False,False,0,232551,0
137,66,1,1,2,1,766,12,0,63.833333333333336,True,False,False,False,False,False,True,False,False,1,9192,2
138,35,1,1,4,1,2728,15,0,181.86666666666667,True,False,False,False,False,False,True,False,False,2,40920,0
139,44,0,1,0,2,1881,12,0,156.75,False,True,False,False,False,False,True,False,False,1,22572,1
140,27,1,0,3,2,709,6,0,118.16666666666669,True,False,True,False,False,False,False,False,False,1,4254,0
141,30,0,1,0,1,4795,36,0,133.19444444444446,True,False,False,False,False,False,True,False,False,2,172620,0
142,27,1,1,0,0,3416,27,0,126.51851851851852,True,False,False,False,False,False,True,False,False,2,92232,0
143,22,1,1,0,0,2462,18,0,136.77777777777777,True,False,False,False,False,True,False,False,False,2,44316,3
144,23,0,1,0,3,2288,21,0,108.95238095238096,True,False,False,False,False,True,False,False,False,2,48048,3
145,30,1,1,1,1,3566,48,0,74.29166666666667,True,False,False,False,False,False,False,False,False,2,171168,0
146,39,0,1,0,0,860,6,0,143.33333333333334,True,False,True,False,False,False,False,False,False,1,5160,0
147,51,0,1,1,3,682,12,0,56.833333333333336,True,False,True,False,False,False,False,False,False,1,8184,1
148,28,1,1,0,0,5371,36,1,149.19444444444446,True,False,False,False,False,True,False,False,False,0,193356,0
149,46,1,1,3,3,1582,18,0,87.88888888888889,True,False,False,False,False,False,True,False,False,1,28476,1
150,42,1,1,1,3,1346,6,0,224.33333333333331,False,False,False,False,False,False,True,False,False,1,8076,1
151,38,1,1,0,3,1924,10,0,192.4,True,False,False,False,False,False,True,False,False,1,19240,0
152,24,1,1,0,2,5848,36,1,162.44444444444446,True,False,False,False,False,False,True,False,False,0,210528,3
153,29,0,1,3,1,7758,24,1,323.25,False,True,True,False,False,False,False,False,False,0,186192,0
154,36,1,1,1,1,6967,24,1,290.2916666666667,False,True,False,False,False,False,False,False,False,0,167208,0
155,20,0,1,0,0,1282,12,0,106.83333333333331,False,True,False,False,False,True,False,False,False,1,15384,3
156,48,1,1,1,0,1288,9,0,143.11111111111111,True,False,False,False,False,False,False,True,False,1,11592,1
157,45,1,1,0,0,339,12,0,28.25,True,False,False,False,True,False,False,False,False,1,4068,1
158,38,1,1,1,1,3512,24,0,146.33333333333334,True,False,True,False,False,False,False,False,False,2,84288,0
160,36,1,1,1,3,2872,24,0,119.66666666666669,True,False,False,False,False,False,True,False,False,2,68928,0
161,30,0,1,0,3,1055,18,0,58.61111111111112,True,False,True,False,False,False,False,False,False,1,18990,0
162,36,1,1,2,3,1262,15,0,84.13333333333334,True,False,False,True,False,False,False,False,False,1,18930,0
163,70,1,1,0,1,7308,10,1,730.8,False,False,True,False,False,False,False,False,False,0,73080,2
164,36,1,1,2,3,909,36,0,25.25,True,False,True,False,False,False,False,False,False,1,32724,0
165,32,1,1,2,3,2978,6,0,496.3333333333333,True,False,False,False,False,True,False,False,False,2,17868,0
166,33,0,1,0,0,1131,18,0,62.833333333333336,True,False,False,False,False,True,False,False,False,1,20358,0
167,20,0,1,3,1,1577,11,0,143.36363636363637,True,False,False,False,False,True,False,False,False,1,17347,3
168,25,0,1,0,3,3972,24,0,165.5,False,True,False,False,False,True,False,False,False,2,95328,0
169,31,1,1,0,1,1935,24,0,80.625,True,False,False,False,False,False,False,False,False,1,46440,0
170,33,1,1,0,0,950,15,0,63.333333333333336,False,True,True,False,False,False,False,False,False,1,14250,0
171,26,0,1,0,3,763,12,0,63.583333333333336,True,False,False,False,False,True,False,False,False,1,9156,0
172,34,0,1,0,1,2064,24,0,86.0,True,False,False,False,False,True,False,False,False,2,49536,0
173,33,1,1,0,1,1414,8,0,176.75,True,False,False,False,False,False,True,False,False,1,11312,0
174,26,1,1,0,0,3414,21,0,162.57142857142858,True,False,False,False,True,False,False,False,False,2,71694,0
176,42,1,1,0,0,2577,12,0,214.75,True,False,False,False,False,True,False,False,False,2,30924,1
177,52,1,1,2,0,338,6,0,56.333333333333336,True,False,False,False,False,False,True,False,False,1,2028,1
178,31,1,1,0,3,1963,12,0,163.58333333333334,False,True,False,False,False,False,True,False,False,1,23556,0
179,65,1,1,0,0,571,21,0,27.19047619047619,True,False,True,False,False,False,False,False,False,1,11991,2
180,28,1,1,0,3,9572,36,1,265.8888888888889,True,False,False,False,False,False,False,False,False,0,344592,0
181,30,1,1,0,1,4455,36,0,123.75,True,False,False,False,False,False,False,False,False,2,160380,0
182,40,1,1,4,0,1647,21,0,78.42857142857143,True,False,True,False,False,False,False,False,False,1,34587,1
183,50,1,1,3,3,3777,24,0,157.375,True,False,False,False,False,True,False,False,False,2,90648,1
184,36,1,1,0,1,884,18,0,49.11111111111112,True,False,True,False,False,False,False,False,False,1,15912,0
185,31,1,1,0,3,1360,15,0,90.66666666666669,True,False,False,False,False,False,True,False,False,1,20400,0
186,74,0,1,0,1,5129,9,1,569.8888888888889,False,False,True,False,False,False,False,False,False,0,46161,2
187,68,1,0,0,1,1175,16,0,73.4375,False,False,True,False,False,False,False,False,False,1,18800,2
188,20,1,1,1,0,674,12,0,56.16666666666666,True,False,False,False,False,False,True,False,False,1,8088,3
189,33,0,1,0,1,3244,18,0,180.22222222222223,True,False,False,False,False,True,False,False,False,2,58392,0
190,54,1,1,3,3,4591,24,0,191.29166666666663,True,False,False,False,False,False,False,False,False,2,110184,1
191,34,1,1,1,1,3844,48,0,80.08333333333333,False,False,False,False,False,False,False,False,False,2,184512,0
192,36,1,1,0,1,3915,27,0,145.0,True,False,False,False,False,False,False,False,False,2,105705,0
193,29,1,1,0,3,2108,6,0,351.3333333333333,False,True,False,False,False,False,True,False,False,2,12648,0
194,21,1,1,1,1,3031,45,0,67.35555555555555,False,True,False,False,False,False,True,False,False,2,136395,3
195,34,0,1,0,1,1501,9,0,166.77777777777777,True,False,False,False,True,False,False,False,False,1,13509,0
196,28,0,1,0,3,1382,6,0,230.33333333333331,True,False,False,False,False,False,True,False,False,1,8292,0
197,27,0,1,1,1,951,12,0,79.25,False,True,False,False,False,True,False,False,False,1,11412,0
198,36,1,1,4,1,2760,24,0,115.0,False,False,True,False,False,False,False,False,False,2,66240,0
199,40,1,1,0,1,4297,18,0,238.72222222222223,True,False,False,False,False,True,False,False,False,2,77346,1
200,52,1,1,2,3,936,9,0,104.0,True,False,False,False,True,False,False,False,False,1,8424,1
201,27,1,1,0,0,1168,12,0,97.33333333333331,True,False,True,False,False,False,False,False,False,1,14016,0
202,26,1,1,0,3,5117,27,1,189.5185185185185,True,False,False,False,False,False,False,False,False,0,138159,0
203,21,1,1,0,0,902,12,0,75.16666666666667,False,True,False,False,True,False,False,False,False,1,10824,3
204,38,1,1,0,3,1495,12,0,124.58333333333331,True,False,True,False,False,False,False,False,False,1,17940,0
205,38,1,1,0,0,10623,30,1,354.1,False,False,True,False,False,False,False,False,False,3,318690,0
206,43,1,1,0,3,1935,12,0,161.25,True,False,False,False,False,True,False,False,False,1,23220,1
207,26,1,1,0,1,1424,12,0,118.66666666666669,True,False,False,True,False,False,False,False,False,1,17088,0
208,21,1,1,0,0,6568,24,1,273.6666666666667,True,False,False,False,False,False,False,False,False,0,157632,3
209,55,1,1,3,3,1413,12,0,117.75,True,False,True,False,False,False,False,False,False,1,16956,1
212,50,1,1,0,0,5293,27,1,196.03703703703704,True,False,False,False,False,False,False,False,False,0,142911,1
213,66,1,1,0,2,1908,30,0,63.6,True,False,False,False,False,False,False,False,False,1,57240,2
215,39,0,1,4,1,932,6,0,155.33333333333334,True,False,False,False,True,False,False,False,False,1,5592,0
216,31,1,1,0,0,3104,18,0,172.44444444444446,True,False,False,False,False,False,False,False,False,2,55872,0
217,23,1,1,0,2,3913,36,0,108.69444444444444,True,False,False,False,False,False,True,False,False,2,140868,3
218,24,1,1,0,0,3021,24,0,125.875,False,True,False,False,False,True,False,False,False,2,72504,3
219,64,0,1,0,3,1364,10,0,136.4,True,False,True,False,False,False,False,False,False,1,13640,2
220,26,1,1,0,1,625,12,0,52.083333333333336,True,False,False,False,False,False,True,False,False,1,7500,0
221,23,0,1,4,0,1200,12,0,100.0,False,True,False,False,True,False,False,False,False,1,14400,3
222,30,1,1,0,3,707,12,0,58.91666666666666,True,False,False,False,False,False,True,False,False,1,8484,0
224,30,1,1,0,3,4657,15,0,310.46666666666664,True,False,True,False,False,False,False,False,False,2,69855,0
225,27,1,1,0,3,2613,36,0,72.58333333333333,True,False,False,False,False,False,False,True,False,2,94068,0
226,27,1,1,3,1,10961,48,1,228.35416666666663,True,False,False,False,False,False,True,False,False,3,526128,0
227,53,1,1,0,0,7865,12,1,655.4166666666666,False,False,False,False,False,True,False,False,False,0,94380,1
228,22,1,1,0,3,1478,9,0,164.22222222222223,True,False,False,False,False,False,True,False,False,1,13302,3
229,22,1,1,0,0,3149,24,0,131.20833333333334,False,False,False,False,False,True,False,False,False,2,75576,3
230,26,1,1,0,2,4210,36,0,116.94444444444444,True,False,False,False,False,False,True,False,False,2,151560,0
231,51,1,1,2,3,2507,9,0,278.55555555555554,False,False,True,False,False,False,False,False,False,2,22563,1
232,35,1,1,1,3,2141,12,0,178.41666666666666,True,False,False,False,False,False,True,False,False,2,25692,0
233,25,1,1,0,1,866,18,0,48.11111111111112,True,False,False,False,False,False,True,False,False,1,15588,0
234,42,1,1,0,3,1544,4,0,386.0,True,False,False,False,False,False,True,False,False,1,6176,1
235,30,1,1,0,0,1823,24,0,75.95833333333333,True,False,False,False,False,False,True,False,False,1,43752,0
236,23,1,0,4,1,14555,6,1,2425.833333333333,True,False,True,False,False,False,False,False,False,3,87330,3
237,61,1,1,1,1,2767,21,0,131.76190476190476,False,True,False,False,False,False,False,False,False,2,58107,2
238,35,0,1,0,3,1291,12,0,107.58333333333331,True,False,False,False,False,False,True,False,False,1,15492,0
239,39,1,1,0,0,2522,30,0,84.06666666666666,True,False,False,False,False,False,True,False,False,2,75660,0
240,29,0,1,4,0,915,24,0,38.125,True,False,True,False,False,False,False,False,False,1,21960,0
241,51,1,1,0,3,1595,6,0,265.8333333333333,True,False,False,False,False,False,True,False,False,1,9570,1
242,24,1,1,0,0,4605,48,0,95.9375,False,False,True,False,False,False,False,False,False,2,221040,3
243,27,0,1,0,3,1185,12,0,98.75,True,False,False,False,False,False,False,False,False,1,14220,0
244,35,0,1,2,3,3447,12,0,287.25,True,False,False,False,True,False,False,False,False,2,41364,0
245,25,1,1,0,3,1258,24,0,52.41666666666666,True,False,False,False,False,False,False,False,False,1,30192,0
246,52,1,1,0,3,717,12,0,59.75,True,False,False,False,False,False,True,False,False,1,8604,1
247,35,1,1,1,3,1204,6,0,200.66666666666663,False,True,True,False,False,False,False,False,False,1,7224,0
248,26,1,1,0,2,1925,24,0,80.20833333333333,True,False,False,False,False,True,False,False,False,1,46200,0
249,22,0,1,0,3,433,18,0,24.05555555555556,False,True,False,False,False,False,True,False,False,1,7794,3
250,39,0,1,3,0,666,6,0,111.0,True,False,True,False,False,False,False,False,False,1,3996,0
251,46,0,1,0,2,2251,12,0,187.58333333333331,True,False,False,False,False,True,False,False,False,2,27012,1
252,24,0,1,0,1,2150,30,0,71.66666666666667,True,False,True,False,False,False,False,False,False,2,64500,3
253,35,1,1,1,3,4151,24,0,172.95833333333334,True,False,False,False,False,True,False,False,False,2,99624,0
254,24,1,1,4,1,2030,9,0,225.55555555555557,True,False,False,False,False,True,False,False,False,2,18270,3
255,27,1,1,4,1,7418,60,1,123.63333333333334,True,False,False,False,False,False,True,False,False,0,445080,0
256,35,1,1,0,3,2684,24,0,111.83333333333331,True,False,False,False,False,False,True,False,False,2,64416,0
257,29,1,1,0,0,2149,12,0,179.08333333333334,False,False,False,False,False,False,True,False,False,2,25788,0
258,23,0,1,1,3,3812,15,0,254.13333333333333,True,False,True,False,False,False,False,False,False,2,57180,3
259,57,0,1,1,3,1154,11,0,104.9090909090909,True,False,False,False,False,False,True,False,False,1,12694,1
260,27,1,1,0,0,1657,12,0,138.08333333333334,True,False,False,False,False,True,False,False,False,1,19884,0
261,55,0,1,0,0,1603,24,0,66.79166666666667,True,False,False,False,False,False,True,False,False,1,38472,1
262,36,1,1,0,0,5302,18,1,294.55555555555554,False,False,True,False,False,False,False,False,False,0,95436,0
263,57,0,1,0,3,2748,12,0,229.0,False,False,False,False,True,False,False,False,False,2,32976,1
264,32,1,1,0,3,1231,10,0,123.1,True,False,True,False,False,False,False,False,False,1,12310,0
265,37,1,1,0,1,802,15,0,53.46666666666667,True,False,False,False,False,False,True,False,False,1,12030,0
267,38,0,1,0,3,1533,24,0,63.875,True,False,False,False,False,False,True,False,False,1,36792,0
268,45,1,1,0,0,8978,14,1,641.2857142857143,True,False,True,False,False,False,False,False,False,0,125692,1
271,37,0,1,2,3,1402,12,0,116.83333333333331,False,True,False,False,False,True,False,False,False,1,16824,0
272,36,1,1,4,1,12169,48,1,253.52083333333331,False,False,True,False,False,False,False,False,False,3,584112,0
273,28,1,1,0,1,3060,48,0,63.75,True,False,False,False,False,False,True,False,False,2,146880,0
274,34,1,1,0,0,11998,30,1,399.9333333333333,True,False,False,False,False,False,False,True,False,3,359940,0
275,32,1,1,0,3,2697,9,0,299.6666666666667,True,False,False,False,False,False,True,False,False,2,24273,0
276,26,0,1,0,3,2404,18,0,133.55555555555554,True,False,False,False,False,False,True,False,False,2,43272,0
277,49,1,1,4,0,1262,12,0,105.16666666666669,True,False,False,False,False,True,False,False,False,1,15144,1
278,32,0,1,0,3,4611,6,0,768.5,True,False,False,False,False,True,False,False,False,2,27666,0
279,29,1,1,1,3,1901,24,0,79.20833333333333,False,True,False,False,False,False,True,False,False,1,45624,0
280,23,1,1,3,3,3368,15,0,224.53333333333333,False,True,True,False,False,False,False,False,False,2,50520,3
281,50,1,1,0,3,1574,12,0,131.16666666666666,True,False,False,False,False,True,False,False,False,1,18888,1
282,49,1,1,4,2,1445,18,0,80.27777777777777,True,False,False,False,False,False,True,False,False,1,26010,1
284,37,1,1,1,1,3878,24,0,161.58333333333334,True,False,True,False,False,False,False,False,False,2,93072,0
285,35,0,1,0,0,10722,47,1,228.12765957446808,True,False,True,False,False,False,False,False,False,3,503934,0
286,26,1,1,0,0,4788,48,0,99.75,True,False,True,False,False,False,False,False,False,2,229824,0
287,31,1,1,1,1,7582,48,1,157.95833333333334,False,False,False,False,False,False,False,False,True,0,363936,0
288,49,0,1,0,1,1092,12,0,91.0,True,False,False,False,False,False,True,False,False,1,13104,1
289,48,1,1,0,0,1024,24,0,42.66666666666666,True,False,False,False,False,False,True,False,False,1,24576,1
290,26,1,1,0,3,1076,12,0,89.66666666666667,True,False,False,False,False,False,False,False,False,1,12912,0
291,28,1,1,0,1,9398,36,1,261.05555555555554,False,True,True,False,False,False,False,False,False,0,338328,0
292,44,0,1,0,0,6419,24,1,267.4583333333333,False,False,True,False,False,False,False,False,False,0,154056,1
293,56,1,1,0,2,4796,42,0,114.1904761904762,False,False,True,False,False,False,False,False,False,2,201432,1
295,26,0,1,0,1,9960,48,1,207.5,True,False,False,False,False,True,False,False,False,0,478080,0
298,43,1,1,0,3,2515,18,0,139.72222222222223,True,False,False,False,False,True,False,False,False,2,45270,1
299,32,1,1,3,1,2745,21,0,130.71428571428572,True,False,False,False,False,True,False,False,False,2,57645,0
300,54,0,0,0,3,672,6,0,112.0,True,False,True,False,False,False,False,False,False,1,4032,1
301,42,0,1,0,1,3804,36,0,105.66666666666669,True,False,False,False,False,False,True,False,False,2,136944,1
302,37,1,1,4,2,1344,24,0,56.0,True,False,True,False,False,False,False,False,False,1,32256,0
303,49,1,1,0,0,1038,10,0,103.8,True,False,True,False,False,False,False,False,False,1,10380,1
304,44,1,1,2,3,10127,48,1,210.97916666666663,False,False,True,False,False,False,False,False,False,3,486096,1
305,33,1,1,3,3,1543,6,0,257.1666666666667,True,False,False,False,False,True,False,False,False,1,9258,0
307,33,1,1,1,0,727,12,0,60.583333333333336,True,False,False,False,False,False,True,False,False,1,8724,0
308,24,0,1,0,1,1237,8,0,154.625,True,False,False,False,False,True,False,False,False,1,9896,3
309,22,1,1,0,1,276,9,0,30.666666666666668,False,True,True,False,False,False,False,False,False,1,2484,3
310,40,1,0,4,1,5381,48,1,112.10416666666669,False,False,False,False,False,False,False,False,True,0,258288,1
311,25,1,1,1,3,5511,24,1,229.625,True,False,False,False,False,True,False,False,False,0,132264,0
312,26,0,1,0,2,3749,24,0,156.20833333333334,True,False,False,False,False,True,False,False,False,2,89976,0
313,25,1,1,0,1,685,12,0,57.083333333333336,True,False,True,False,False,False,False,False,False,1,8220,0
314,29,1,1,4,2,1494,4,0,373.5,True,False,True,False,False,False,False,False,False,1,5976,0
315,31,1,1,0,0,2746,36,0,76.27777777777777,True,False,False,False,False,True,False,False,False,2,98856,0
316,38,1,1,0,0,708,12,0,59.0,True,False,False,False,False,True,False,False,False,1,8496,0
317,48,0,1,4,1,4351,24,0,181.29166666666663,True,False,False,False,False,True,False,False,False,2,104424,1
318,32,1,1,0,3,701,12,0,58.41666666666666,True,False,False,False,True,False,False,False,False,1,8412,0
319,27,0,1,0,0,3643,15,0,242.86666666666667,True,False,False,False,False,True,False,False,False,2,54645,0
320,28,1,1,0,1,4249,30,0,141.63333333333333,True,False,True,False,False,False,False,False,False,2,127470,0
321,32,1,1,0,0,1938,24,0,80.75,True,False,False,False,False,False,True,False,False,1,46512,0
322,34,1,1,0,0,2910,24,0,121.25,False,False,True,False,False,False,False,False,False,2,69840,0
323,28,1,1,3,0,2659,18,0,147.72222222222223,True,False,False,False,False,True,False,False,False,2,47862,0
324,36,0,1,0,3,1028,18,0,57.11111111111112,True,False,True,False,False,False,False,False,False,1,18504,0
325,39,1,1,0,0,3398,8,0,424.75,True,False,True,False,False,False,False,False,False,2,27184,0
327,34,0,1,3,3,1525,24,0,63.54166666666666,True,False,True,False,False,False,False,False,False,1,36600,0
328,31,1,1,0,2,4473,36,0,124.25,True,False,False,False,False,False,True,False,False,2,161028,0
329,28,1,1,0,1,1068,6,0,178.0,True,False,False,False,False,False,True,False,False,1,6408,0
330,75,1,1,0,0,6615,24,1,275.625,False,False,True,False,False,False,False,False,False,0,158760,2
331,30,0,1,1,3,1864,18,0,103.55555555555556,True,False,False,False,True,False,False,False,False,1,33552,0
332,24,0,1,1,1,7408,60,1,123.46666666666668,True,False,True,False,False,False,False,False,False,0,444480,3
333,24,0,1,1,3,11590,48,1,241.45833333333331,False,True,True,False,False,False,False,False,False,3,556320,3
334,23,1,1,0,0,4110,24,0,171.25,False,True,False,False,False,True,False,False,False,2,98640,3
335,44,1,1,0,0,3384,6,0,564.0,False,True,False,False,False,True,False,False,False,2,20304,1
336,23,0,1,0,1,2101,13,0,161.6153846153846,True,False,False,False,False,False,True,False,False,2,27313,3
337,24,0,1,4,0,1275,15,0,85.0,False,True,False,True,False,False,False,False,False,1,19125,3
338,28,1,1,0,0,4169,24,0,173.70833333333334,True,False,False,False,False,True,False,False,False,2,100056,0
339,31,1,1,0,1,1521,10,0,152.1,True,False,False,False,False,True,False,False,False,1,15210,0
340,24,0,1,0,1,5743,24,1,239.29166666666663,False,False,False,False,True,False,False,False,False,0,137832,3
341,26,0,1,0,0,3599,21,0,171.38095238095238,False,True,False,False,False,True,False,False,False,2,75579,0
342,25,1,1,2,1,3213,18,0,178.5,False,True,False,False,False,False,True,False,False,2,57834,0
343,33,1,1,0,1,4439,18,0,246.61111111111111,True,False,False,False,False,False,False,False,False,2,79902,0
344,37,1,1,0,2,3949,10,0,394.9,True,False,True,False,False,False,False,False,False,2,39490,0
345,43,0,1,0,3,1459,15,0,97.26666666666668,True,False,False,False,False,False,True,False,False,1,21885,1
346,23,1,1,0,1,882,13,0,67.84615384615384,True,False,False,False,False,False,True,False,False,1,11466,3
347,23,0,0,2,1,3758,24,0,156.58333333333334,False,True,False,False,False,False,True,False,False,2,90192,3
348,34,1,1,1,3,1743,6,0,290.5,True,False,False,False,False,False,False,False,False,1,10458,0
349,32,1,1,3,1,1136,9,0,126.22222222222224,False,False,False,False,True,False,False,False,False,1,10224,0
350,23,0,1,0,3,1236,9,0,137.33333333333334,False,True,False,True,False,False,False,False,False,1,11124,3
351,29,0,1,0,1,959,9,0,106.55555555555556,True,False,False,False,False,True,False,False,False,1,8631,0
353,28,1,1,0,0,6199,12,1,516.5833333333334,False,True,False,False,False,False,True,False,False,0,74388,0
354,46,1,1,2,3,727,10,0,72.7,False,False,False,False,True,False,False,False,False,1,7270,1
355,23,1,1,0,1,1246,24,0,51.91666666666666,True,False,True,False,False,False,False,False,False,1,29904,3
357,26,1,1,0,3,4463,36,0,123.97222222222224,True,False,False,False,False,False,True,False,False,2,160668,0
358,28,1,1,0,3,776,12,0,64.66666666666667,True,False,False,False,False,False,True,False,False,1,9312,0
359,23,0,1,0,0,2406,30,0,80.2,False,True,False,False,False,True,False,False,False,2,72180,3
360,61,1,1,4,1,1239,18,0,68.83333333333333,False,False,False,False,True,False,False,False,False,1,22302,2
361,37,1,1,4,2,3399,12,0,283.25,True,False,False,False,False,False,True,False,False,2,40788,0
362,36,0,1,0,2,2247,12,0,187.25,True,False,True,False,False,False,False,False,False,2,26964,0
363,21,1,1,0,3,1766,6,0,294.3333333333333,False,True,False,False,False,True,False,False,False,1,10596,3
364,25,1,0,0,0,2473,18,0,137.38888888888889,True,False,False,False,False,True,False,False,False,2,44514,0
365,36,1,1,0,3,1542,12,0,128.5,True,False,False,False,False,False,False,False,False,1,18504,0
366,27,1,1,0,3,3850,18,0,213.88888888888889,True,False,True,False,False,False,False,False,False,2,69300,0
367,22,0,1,0,0,3650,18,0,202.77777777777777,False,True,False,False,False,True,False,False,False,2,65700,3
368,42,1,1,0,0,3446,36,0,95.72222222222224,True,False,False,False,False,True,False,False,False,2,124056,1
369,40,0,1,0,1,3001,18,0,166.72222222222223,False,True,False,False,False,True,False,False,False,2,54018,1
371,33,1,1,0,3,6070,18,1,337.22222222222223,True,False,False,False,False,False,True,False,False,0,109260,0
372,23,0,1,0,3,2146,10,0,214.6,False,True,False,False,False,True,False,False,False,2,21460,3
374,60,0,1,1,1,14782,60,1,246.36666666666667,False,False,False,False,False,False,False,False,True,3,886920,2
375,37,0,1,0,0,7685,48,1,160.10416666666666,False,True,False,False,False,False,False,False,False,0,368880,0
376,34,1,1,0,3,2320,18,0,128.88888888888889,True,False,False,False,False,False,True,False,False,2,41760,0
378,57,1,1,0,1,14318,36,1,397.72222222222223,False,False,True,False,False,False,False,False,False,3,515448,1
379,52,0,1,1,3,362,6,0,60.333333333333336,True,False,True,False,False,False,False,False,False,1,2172,1
380,39,1,1,4,0,2212,20,0,110.6,True,False,False,False,False,True,False,False,False,2,44240,0
381,38,0,1,0,1,12976,18,1,720.8888888888889,False,False,True,False,False,False,False,False,False,3,233568,0
383,26,1,1,0,2,1330,12,0,110.83333333333331,True,False,True,False,False,False,False,False,False,1,15960,0
384,26,1,1,1,3,4272,30,0,142.4,True,False,False,False,False,False,False,False,False,2,128160,0
385,25,0,1,0,3,2238,18,0,124.33333333333331,True,False,False,False,False,False,True,False,False,2,40284,0
387,40,1,1,0,1,7374,18,1,409.6666666666667,True,False,False,False,False,True,False,False,False,0,132732,1
388,27,1,1,2,1,2326,15,0,155.06666666666666,True,False,False,False,False,False,False,False,False,2,34890,0
389,27,0,1,0,3,1449,9,0,161.0,True,False,False,False,False,False,False,False,False,1,13041,0
390,30,1,1,0,3,1820,18,0,101.11111111111111,True,False,True,False,False,False,False,False,False,1,32760,0
391,19,0,1,3,1,983,12,0,81.91666666666667,False,True,False,False,False,True,False,False,False,1,11796,3
392,39,1,1,0,0,3249,36,0,90.25,False,False,True,False,False,False,False,False,False,2,116964,0
393,31,0,1,0,0,1957,6,0,326.1666666666667,True,False,False,False,False,False,True,False,False,1,11742,0
394,31,1,1,0,3,2406,9,0,267.3333333333333,True,False,False,False,False,True,False,False,False,2,21654,0
395,32,1,1,1,1,11760,39,1,301.53846153846155,False,True,False,False,True,False,False,False,False,3,458640,0
396,55,0,1,0,0,2578,12,0,214.83333333333331,False,False,False,False,False,True,False,False,False,2,30936,1
397,46,1,1,0,0,2348,36,0,65.22222222222223,True,False,False,False,False,True,False,False,False,2,84528,1
398,46,1,1,0,1,1223,12,0,101.91666666666669,False,True,True,False,False,False,False,False,False,1,14676,1
399,43,0,1,3,3,1516,24,0,63.16666666666666,True,False,False,False,False,False,True,False,False,1,36384,1
400,39,1,1,0,3,1473,18,0,81.83333333333333,True,False,False,False,False,False,True,False,False,1,26514,0
401,28,1,1,4,1,1887,18,0,104.83333333333331,True,False,False,False,False,False,False,False,False,1,33966,0
402,27,1,1,0,3,8648,24,1,360.3333333333333,True,False,False,False,False,False,False,False,False,0,207552,0
403,27,1,1,0,3,802,14,0,57.285714285714285,True,False,True,False,False,False,False,False,False,1,11228,0
404,43,1,1,4,1,2899,18,0,161.05555555555554,True,False,True,False,False,False,False,False,False,2,52182,1
405,22,1,1,0,1,2039,24,0,84.95833333333333,True,False,False,False,False,False,True,False,False,2,48936,3
407,27,1,1,0,0,1053,15,0,70.2,True,False,False,False,False,False,True,False,False,1,15795,0
408,26,1,1,2,3,3235,24,0,134.79166666666666,True,False,False,False,False,False,True,False,False,2,77640,0
409,28,1,1,2,2,939,12,0,78.25,True,False,True,False,False,False,False,False,False,1,11268,0
410,20,0,1,0,1,1967,24,0,81.95833333333333,True,False,False,False,False,False,True,False,False,1,47208,3
411,35,1,1,0,3,7253,33,1,219.7878787878788,True,False,True,False,False,False,False,False,False,0,239349,0
412,42,1,1,0,3,2292,12,0,191.0,True,False,False,False,False,False,False,False,False,2,27504,1
413,40,1,1,2,3,1597,10,0,159.7,False,True,True,False,False,False,False,False,False,1,15970,1
414,35,0,1,4,0,1381,24,0,57.54166666666666,True,False,True,False,False,False,False,False,False,1,33144,0
415,35,1,1,0,3,5842,36,1,162.27777777777777,True,False,True,False,False,False,False,False,False,0,210312,0
416,33,1,1,0,0,2579,12,0,214.91666666666663,True,False,True,False,False,False,False,False,False,2,30948,0
417,23,0,1,4,0,8471,18,1,470.6111111111111,False,True,False,False,True,False,False,False,False,0,152478,3
418,31,0,1,2,3,2782,21,0,132.47619047619048,True,False,True,False,False,False,False,False,False,2,58422,0
419,33,0,1,4,1,1042,18,0,57.888888888888886,True,False,True,False,False,False,False,False,False,1,18756,0
420,20,0,1,3,3,3186,15,0,212.4,False,True,True,False,False,False,False,False,False,2,47790,3
421,30,1,1,4,1,2028,12,0,169.0,True,False,True,False,False,False,False,False,False,2,24336,0
422,47,1,1,0,1,958,12,0,79.83333333333333,True,False,True,False,False,False,False,False,False,1,11496,1
423,34,1,1,1,3,1591,21,0,75.76190476190476,True,False,False,False,False,True,False,False,False,1,33411,0
424,25,0,1,4,1,2762,12,0,230.16666666666663,True,False,False,False,False,True,False,False,False,2,33144,0
425,21,1,1,0,1,2779,18,0,154.38888888888889,False,True,True,False,False,False,False,False,False,2,50022,3
426,29,1,1,0,3,2743,28,0,97.96428571428572,True,False,False,False,False,False,True,False,False,2,76804,0
427,46,1,1,3,3,1149,18,0,63.833333333333336,True,False,False,False,False,False,True,False,False,1,20682,1
428,20,1,1,0,3,1313,9,0,145.88888888888889,True,False,False,False,False,True,False,False,False,1,11817,3
429,55,0,0,0,0,1190,18,0,66.11111111111111,False,False,False,False,False,False,False,True,False,1,21420,1
430,74,1,1,0,3,3448,5,0,689.6,True,False,False,False,False,False,False,False,False,2,17240,2
431,29,1,1,0,1,11328,24,1,472.0,True,False,False,False,False,False,False,False,True,3,271872,0
432,36,1,1,0,0,1872,6,0,312.0,False,False,False,False,False,True,False,False,False,1,11232,0
433,33,1,1,0,3,2058,24,0,85.75,True,False,False,False,False,False,False,True,False,2,49392,0
434,25,1,1,0,0,2136,9,0,237.33333333333331,True,False,False,False,False,True,False,False,False,2,19224,0
435,25,1,1,4,1,1484,12,0,123.66666666666669,True,False,False,False,False,False,True,False,False,1,17808,0
436,23,1,1,2,3,660,6,0,110.0,False,True,False,False,False,False,False,True,False,1,3960,3
437,37,0,1,3,3,1287,24,0,53.625,True,False,True,False,False,False,False,False,False,1,30888,0
438,65,1,0,0,0,3394,42,0,80.80952380952381,True,False,False,False,False,False,False,True,False,2,142548,2
439,26,0,0,0,2,609,12,0,50.75,True,False,False,False,False,False,False,False,False,1,7308,0
440,39,1,1,0,3,1884,12,0,157.0,True,False,True,False,False,False,False,False,False,1,22608,0
441,30,0,1,0,0,1620,12,0,135.0,True,False,False,False,False,True,False,False,False,1,19440,0
442,29,1,1,0,1,2629,20,0,131.45,True,False,False,False,False,False,False,False,True,2,52580,0
443,41,1,1,0,3,719,12,0,59.91666666666666,True,False,False,False,True,False,False,False,False,1,8628,1
444,30,0,1,0,1,5096,48,1,106.16666666666669,True,False,False,False,False,True,False,False,False,0,244608,0
446,34,0,1,0,0,1842,36,0,51.16666666666666,True,False,True,False,False,False,False,False,False,1,66312,0
447,35,1,1,0,1,2576,7,0,368.0,True,False,False,False,False,False,True,False,False,2,18032,0
448,55,0,1,4,2,1424,12,0,118.66666666666669,True,False,False,False,False,True,False,False,False,1,17088,1
449,61,1,1,3,1,1512,15,0,100.8,True,False,False,False,False,False,False,True,False,1,22680,2
451,29,0,1,0,3,518,6,0,86.33333333333333,True,False,False,False,False,False,True,False,False,1,3108,0
452,34,1,1,0,3,2759,12,0,229.91666666666663,True,False,False,False,False,True,False,False,False,2,33108,0
453,35,1,1,0,3,2670,24,0,111.25,True,False,True,False,False,False,False,False,False,2,64080,0
454,31,1,1,0,0,4817,24,0,200.70833333333331,True,False,True,False,False,False,False,False,False,2,115608,0
455,29,0,1,0,3,2679,24,0,111.625,True,False,True,False,False,False,False,False,False,2,64296,0
456,36,1,1,0,0,3905,11,0,355.0,False,True,True,False,False,False,False,False,False,2,42955,0
457,35,1,1,0,0,3386,12,0,282.1666666666667,False,False,True,False,False,False,False,False,False,2,40632,0
458,27,0,1,0,0,343,6,0,57.16666666666666,True,False,False,True,False,False,False,False,False,1,2058,0
459,32,1,1,0,3,4594,18,0,255.22222222222223,True,False,False,False,False,False,True,False,False,2,82692,0
460,37,1,1,0,0,3620,36,0,100.55555555555556,True,False,False,False,False,True,False,False,False,2,130320,0
461,36,1,1,0,0,1721,15,0,114.73333333333332,True,False,True,False,False,False,False,False,False,1,25815,0
462,34,0,1,0,1,3017,12,0,251.41666666666663,False,True,False,False,False,True,False,False,False,2,36204,0
463,38,1,1,4,1,754,12,0,62.833333333333336,True,False,False,False,True,False,False,False,False,1,9048,0
464,34,1,1,0,3,1950,18,0,108.33333333333331,True,False,False,False,False,False,False,False,False,1,35100,0
465,63,1,1,0,0,2924,24,0,121.83333333333331,True,False,True,False,False,False,False,False,False,2,70176,2
466,29,0,1,0,0,1659,24,0,69.125,False,True,False,False,False,False,True,False,False,1,39816,0
468,26,0,1,0,3,2764,33,0,83.75757575757575,True,False,False,False,False,False,False,False,False,2,91212,0
469,35,1,1,0,3,4679,24,0,194.95833333333331,True,False,True,False,False,False,False,False,False,2,112296,0
470,22,1,1,1,1,3092,24,0,128.83333333333334,False,True,False,False,False,False,True,False,False,2,74208,3
471,23,0,1,0,0,448,6,0,74.66666666666667,True,False,False,False,True,False,False,False,False,1,2688,3
472,28,1,1,0,0,654,9,0,72.66666666666667,True,False,True,False,False,False,False,False,False,1,5886,0
474,33,1,1,0,1,1245,18,0,69.16666666666667,True,False,False,False,False,False,True,False,False,1,22410,0
475,26,0,1,0,0,3114,18,0,173.0,False,True,False,False,False,True,False,False,False,2,56052,0
476,24,1,1,2,3,2569,39,0,65.87179487179488,True,False,True,False,False,False,False,False,False,2,100191,3
477,25,1,1,0,2,5152,24,1,214.66666666666663,True,False,False,False,False,False,True,False,False,0,123648,0
478,39,1,1,1,1,1037,12,0,86.41666666666667,True,False,False,False,False,False,False,False,False,1,12444,0
479,44,1,1,0,0,1478,15,0,98.53333333333332,True,False,False,False,False,True,False,False,False,1,22170,1
480,23,0,1,0,1,3573,12,0,297.75,True,False,False,False,False,False,True,False,False,2,42876,3
481,26,1,1,0,1,1201,24,0,50.04166666666666,True,False,True,False,False,False,False,False,False,1,28824,0
482,57,0,1,3,0,3622,30,0,120.73333333333332,False,True,False,False,False,True,False,False,False,2,108660,1
483,30,0,1,3,3,960,15,0,64.0,True,False,False,False,False,True,False,False,False,1,14400,0
484,44,1,1,2,3,1163,12,0,96.91666666666669,True,False,True,False,False,False,False,False,False,1,13956,1
485,47,1,1,0,1,1209,6,0,201.5,True,False,True,False,False,False,False,False,False,1,7254,1
486,52,1,1,0,3,3077,12,0,256.4166666666667,True,False,False,False,False,False,True,False,False,2,36924,1
487,62,0,1,0,3,3757,24,0,156.54166666666666,False,False,True,False,False,False,False,False,False,2,90168,2
488,35,1,1,1,3,1418,10,0,141.8,False,True,True,False,False,False,False,False,False,1,14180,0
489,26,1,1,0,3,3518,6,0,586.3333333333334,False,True,True,False,False,False,False,False,False,2,21108,0
490,26,1,1,0,3,1934,12,0,161.16666666666666,True,False,False,False,False,False,True,False,False,1,23208,0
491,42,0,1,0,1,8318,27,1,308.0740740740741,False,False,False,False,False,False,False,False,False,0,224586,1
492,27,0,1,1,3,1237,6,0,206.16666666666663,True,False,False,False,False,False,True,False,False,1,7422,0
493,38,1,1,4,1,368,6,0,61.333333333333336,True,False,False,False,False,False,True,False,False,1,2208,0
494,39,1,1,0,0,2122,12,0,176.83333333333334,False,True,True,False,False,False,False,False,False,2,25464,0
495,20,1,1,4,0,2996,24,0,124.83333333333331,True,False,False,False,False,True,False,False,False,2,71904,3
496,29,1,1,1,1,9034,36,1,250.94444444444449,False,True,False,False,False,True,False,False,False,0,325224,0
497,40,1,1,0,3,1585,24,0,66.04166666666667,True,False,False,False,False,True,False,False,False,1,38040,1
498,32,1,1,0,1,1301,18,0,72.27777777777777,True,False,False,False,False,False,True,False,False,1,23418,0
499,28,1,1,1,2,1323,6,0,220.5,True,False,True,False,False,False,False,False,False,1,7938,0
500,27,0,1,0,0,3123,24,0,130.125,True,False,True,False,False,False,False,False,False,2,74952,0
501,42,1,1,0,0,5493,36,1,152.58333333333334,False,False,True,False,False,False,False,False,False,0,197748,1
502,49,1,1,1,2,1126,9,0,125.11111111111111,True,False,False,False,False,False,True,False,False,1,10134,1
503,38,1,1,1,1,1216,24,0,50.66666666666666,True,False,False,False,False,False,True,False,False,1,29184,0
504,24,0,1,0,0,1207,24,0,50.29166666666666,False,True,True,False,False,False,False,False,False,1,28968,3
506,36,1,1,2,2,2360,15,0,157.33333333333334,True,False,True,False,False,False,False,False,False,2,35400,0
507,34,1,1,1,1,6850,15,1,456.6666666666667,True,False,True,False,False,False,False,False,False,0,102750,0
508,28,1,1,0,3,1413,24,0,58.875,True,False,False,False,False,False,True,False,False,1,33912,0
509,45,1,1,1,3,8588,39,1,220.2051282051282,True,False,True,False,False,False,False,False,False,0,334932,1
510,26,1,1,0,0,759,12,0,63.25,True,False,True,False,False,False,False,False,False,1,9108,0
511,32,1,1,0,3,4686,36,0,130.16666666666666,False,False,True,False,False,False,False,False,False,2,168696,0
512,26,1,1,0,2,2687,15,0,179.13333333333333,False,True,False,False,False,False,False,False,False,2,40305,0
513,20,1,1,0,1,585,12,0,48.75,False,True,False,False,False,False,True,False,False,1,7020,3
515,37,0,1,0,0,609,6,0,101.5,True,False,True,False,False,False,False,False,False,1,3654,0
516,40,1,1,0,0,1361,6,0,226.83333333333331,True,False,True,False,False,False,False,False,False,1,8166,1
517,23,0,1,0,3,7127,36,1,197.97222222222223,False,True,False,False,False,True,False,False,False,0,256572,3
518,43,1,1,1,0,1203,6,0,200.5,True,False,True,False,False,False,False,False,False,1,7218,1
520,44,1,1,0,3,5507,24,1,229.45833333333331,False,False,False,False,False,False,False,True,False,0,132168,1
521,24,0,1,0,0,3190,18,0,177.22222222222223,True,False,False,False,False,False,True,False,False,2,57420,3
522,53,1,1,0,0,7119,48,1,148.3125,False,False,False,False,False,True,False,False,False,0,341712,1
523,23,0,1,1,3,3488,24,0,145.33333333333334,True,False,True,False,False,False,False,False,False,2,83712,3
524,26,0,1,0,1,1113,18,0,61.833333333333336,True,False,False,False,False,False,True,False,False,1,20034,0
525,30,1,1,0,1,7966,26,1,306.38461538461536,True,False,True,False,False,False,False,False,False,0,207116,0
526,31,0,1,1,3,1532,15,0,102.13333333333334,True,False,False,False,True,False,False,False,False,1,22980,0
527,42,1,1,0,3,1503,4,0,375.75,True,False,False,False,False,False,True,False,False,1,6012,1
528,31,1,1,0,0,2302,36,0,63.94444444444444,False,True,False,False,False,False,True,False,False,2,82872,0
529,41,1,1,0,0,662,6,0,110.33333333333331,True,False,True,False,False,False,False,False,False,1,3972,1
530,32,1,1,0,1,2273,36,0,63.138888888888886,True,False,False,False,True,False,False,False,False,2,81828,0
531,28,0,1,1,1,2631,15,0,175.4,False,True,True,False,False,False,False,False,False,2,39465,0
532,41,1,1,0,3,1503,12,0,125.25,False,True,True,False,False,False,False,False,False,1,18036,1
533,26,1,1,1,3,1311,24,0,54.625,True,False,False,False,False,False,True,False,False,1,31464,0
535,33,1,1,0,2,2319,21,0,110.42857142857144,False,True,False,False,True,False,False,False,False,2,48699,0
536,75,0,1,4,0,1374,6,0,229.0,True,False,True,False,False,False,False,False,False,1,8244,2
537,37,0,1,0,1,3612,18,0,200.66666666666663,True,False,False,False,False,True,False,False,False,2,65016,0
538,42,1,1,0,0,7763,48,1,161.72916666666666,False,False,True,False,False,False,False,False,False,0,372624,1
539,45,0,1,0,2,3049,18,0,169.38888888888889,True,False,False,False,False,True,False,False,False,2,54882,1
540,23,1,1,0,1,1534,12,0,127.83333333333331,False,True,False,False,False,False,True,False,False,1,18408,3
541,60,1,1,0,3,2032,24,0,84.66666666666667,False,False,True,False,False,False,False,False,False,2,48768,2
542,31,1,1,4,0,6350,30,1,211.66666666666663,True,False,False,False,False,True,False,False,False,0,190500,0
543,34,1,1,0,2,2864,18,0,159.11111111111111,True,False,False,False,False,True,False,False,False,2,51552,0
544,61,1,1,0,3,1255,12,0,104.58333333333331,True,False,True,False,False,False,False,False,False,1,15060,2
545,43,1,1,0,0,1333,24,0,55.54166666666666,False,False,True,False,False,False,False,False,False,1,31992,1
546,37,0,1,0,3,2022,24,0,84.25,True,False,True,False,False,False,False,False,False,2,48528,0
547,32,1,1,0,3,1552,24,0,64.66666666666667,True,False,False,False,False,False,True,False,False,1,37248,0
548,24,0,1,0,0,626,12,0,52.16666666666666,True,False,False,False,False,False,True,False,False,1,7512,3
551,45,1,1,2,3,1750,6,0,291.6666666666667,True,False,False,False,False,False,True,False,False,1,10500,1
552,34,1,1,0,0,6999,48,1,145.8125,True,False,False,False,False,False,True,False,False,0,335952,0
553,27,1,1,1,1,1995,12,0,166.25,True,False,True,False,False,False,False,False,False,1,23940,0
554,67,0,1,0,1,1199,9,0,133.22222222222223,True,False,False,False,True,False,False,False,False,1,10791,2
555,22,1,1,0,1,1331,12,0,110.91666666666669,True,False,False,False,False,False,True,False,False,1,15972,3
556,28,0,1,1,1,2278,18,0,126.55555555555556,True,False,True,False,False,False,False,False,False,2,41004,0
558,27,1,1,0,0,3552,24,0,148.0,True,False,False,False,False,True,False,False,False,2,85248,0
559,31,1,1,0,1,1928,18,0,107.11111111111111,True,False,False,False,False,True,False,False,False,1,34704,0
560,49,1,1,4,0,2964,24,0,123.5,False,False,True,False,False,False,False,False,False,2,71136,1
561,24,1,1,0,0,1546,24,0,64.41666666666667,False,True,False,False,False,False,True,False,False,1,37104,3
562,29,0,1,0,2,683,6,0,113.83333333333331,True,False,False,False,False,False,True,False,False,1,4098,0
563,37,1,1,4,1,12389,36,1,344.1388888888889,False,False,True,False,False,False,False,False,False,3,446004,0
564,37,1,1,4,1,4712,24,0,196.33333333333331,True,False,False,False,False,False,False,False,False,2,113088,0
565,23,0,1,1,1,1553,24,0,64.70833333333333,False,True,False,False,False,False,True,False,False,1,37272,3
566,36,1,1,0,0,1372,12,0,114.33333333333331,True,False,True,False,False,False,False,False,False,1,16464,0
567,34,1,1,3,3,2578,24,0,107.41666666666669,True,False,False,False,False,False,True,False,False,2,61872,0
568,41,1,1,4,1,3979,48,0,82.89583333333333,True,False,False,False,False,False,True,False,False,2,190992,1
569,31,0,1,0,0,6758,48,1,140.79166666666666,True,False,False,False,False,False,True,False,False,0,324384,0
570,23,0,1,0,0,3234,24,0,134.75,False,True,False,False,False,True,False,False,False,2,77616,3
571,38,1,1,0,3,5954,30,1,198.46666666666667,True,False,False,False,False,False,True,False,False,0,178620,0
573,22,0,1,0,0,806,15,0,53.73333333333333,True,False,False,False,False,False,False,False,False,1,12090,3
574,27,1,1,0,1,1082,9,0,120.22222222222224,True,False,False,False,False,False,True,False,False,1,9738,0
575,24,0,1,0,3,2788,15,0,185.86666666666667,True,False,False,False,False,True,False,False,False,2,41820,3
576,27,0,1,0,1,2930,12,0,244.16666666666663,True,False,False,False,False,False,True,False,False,2,35160,0
578,27,1,1,0,1,2820,36,0,78.33333333333333,True,False,True,False,False,False,False,False,False,2,101520,0
579,27,1,1,0,3,937,24,0,39.04166666666666,True,False,False,False,True,False,False,False,False,1,22488,0
580,30,1,1,0,1,1056,18,0,58.66666666666666,True,False,True,False,False,False,False,False,False,1,19008,0
581,49,1,1,0,1,3124,12,0,260.3333333333333,True,False,True,False,False,False,False,False,False,2,37488,1
582,26,0,1,0,3,1388,9,0,154.22222222222223,False,True,False,False,False,True,False,False,False,1,12492,0
583,33,1,1,0,1,2384,36,0,66.22222222222223,False,True,False,False,False,False,False,True,False,2,85824,0
585,20,0,1,0,0,2039,18,0,113.27777777777776,False,True,False,False,False,True,False,False,False,2,36702,3
586,36,1,1,0,0,2799,9,0,311.0,False,True,True,False,False,False,False,False,False,2,25191,0
587,21,1,1,0,0,1289,12,0,107.41666666666669,True,False,False,False,False,True,False,False,False,1,15468,3
588,47,1,1,0,0,1217,18,0,67.61111111111111,True,False,False,True,False,False,False,False,False,1,21906,1
589,60,1,1,0,0,2246,12,0,187.16666666666663,True,False,False,False,False,True,False,False,False,2,26952,2
590,58,0,1,0,0,385,12,0,32.083333333333336,True,False,False,False,False,False,True,False,False,1,4620,1
591,42,0,1,4,1,1965,24,0,81.875,False,True,True,False,False,False,False,False,False,1,47160,1
592,36,0,1,3,3,1572,21,0,74.85714285714286,True,False,False,False,False,False,False,False,False,1,33012,0
593,20,0,1,0,1,2718,24,0,113.25,False,True,True,False,False,False,False,False,False,2,65232,3
594,40,1,1,4,0,1358,24,0,56.583333333333336,True,False,False,False,False,False,False,False,True,1,32592,1
595,32,0,1,1,1,931,6,0,155.16666666666666,True,False,True,False,False,False,False,False,False,1,5586,0
596,23,0,1,0,0,1442,24,0,60.083333333333336,False,True,True,False,False,False,False,False,False,1,34608,3
597,36,1,1,0,1,4241,24,0,176.70833333333334,True,False,False,False,False,False,False,False,False,2,101784,0
598,31,1,1,0,3,2775,18,0,154.16666666666666,True,False,True,False,False,False,False,False,False,2,49950,0
599,32,1,1,0,3,3863,24,0,160.95833333333334,False,False,False,False,False,False,False,False,False,2,92712,0
600,45,0,1,0,1,2329,7,0,332.7142857142857,True,False,False,False,False,False,True,False,False,2,16303,1
601,30,0,1,0,1,918,9,0,102.0,True,False,False,False,False,True,False,False,False,1,8262,0
602,34,0,1,0,1,1837,24,0,76.54166666666667,False,False,False,False,True,False,False,False,False,1,44088,0
603,28,0,1,0,3,3349,36,0,93.02777777777776,True,False,False,False,False,True,False,False,False,2,120564,0
604,23,0,1,0,2,1275,10,0,127.5,True,False,False,False,False,True,False,False,False,1,12750,3
605,22,1,1,2,0,2828,24,0,117.83333333333331,True,False,False,False,False,True,False,False,False,2,67872,3
606,74,1,1,0,3,4526,24,0,188.58333333333331,True,False,False,False,False,False,False,False,False,2,108624,2
607,50,0,1,1,1,2671,36,0,74.19444444444444,False,False,False,False,False,False,True,False,False,2,96156,1
608,33,1,1,0,3,2051,18,0,113.94444444444444,True,False,False,False,False,False,True,False,False,2,36918,0
610,22,0,1,1,0,741,12,0,61.75,True,False,False,True,False,False,False,False,False,1,8892,3
611,48,0,1,1,2,1240,10,0,124.0,False,False,True,False,False,False,False,False,False,1,12400,1
612,29,0,1,3,0,3357,21,0,159.85714285714286,True,False,False,False,False,False,True,False,False,2,70497,0
613,22,0,1,0,0,3632,24,0,151.33333333333334,False,True,True,False,False,False,False,False,False,2,87168,3
614,22,0,1,0,3,1808,18,0,100.44444444444444,True,False,False,False,False,True,False,False,False,1,32544,3
615,48,1,1,4,1,12204,48,1,254.25,True,False,False,False,False,False,False,False,False,3,585792,1
616,27,1,1,4,1,9157,60,1,152.61666666666667,False,False,False,False,False,False,True,False,False,0,549420,0
617,37,1,1,0,0,3676,6,0,612.6666666666666,False,True,True,False,False,False,False,False,False,2,22056,0
618,21,0,1,1,1,3441,30,0,114.7,False,True,False,False,False,True,False,False,False,2,103230,3
619,49,1,1,0,3,640,12,0,53.333333333333336,True,False,True,False,False,False,False,False,False,1,7680,1
620,27,1,1,0,1,3652,21,0,173.9047619047619,True,False,False,False,False,False,False,False,False,2,76692,0
621,32,1,1,0,3,1530,18,0,85.0,True,False,True,False,False,False,False,False,False,1,27540,0
623,22,0,1,0,0,1858,12,0,154.83333333333334,False,True,False,False,False,True,False,False,False,1,22296,3
624,65,1,1,0,0,2600,18,0,144.44444444444446,False,False,False,False,False,False,True,False,False,2,46800,2
626,41,1,1,0,2,2116,6,0,352.6666666666667,True,False,False,False,False,True,False,False,False,2,12696,1
627,29,1,1,1,1,1437,9,0,159.66666666666666,True,False,True,False,False,False,False,False,False,1,12933,0
628,36,1,1,2,3,4042,42,0,96.23809523809524,True,False,False,False,False,True,False,False,False,2,169764,0
630,28,0,1,0,0,3660,24,0,152.5,True,False,False,False,False,False,True,False,False,2,87840,0
631,44,1,1,0,0,1553,18,0,86.27777777777777,True,False,False,False,False,True,False,False,False,1,27954,1
632,23,1,1,4,1,1444,15,0,96.26666666666668,True,False,False,False,False,False,True,False,False,1,21660,3
633,19,0,1,0,3,1980,9,0,220.0,False,True,False,False,False,True,False,False,False,1,17820,3
634,25,0,1,0,1,1355,24,0,56.458333333333336,True,False,True,False,False,False,False,False,False,1,32520,0
635,47,1,1,0,3,1393,12,0,116.08333333333331,True,False,False,False,True,False,False,False,False,1,16716,1
636,28,0,1,2,3,1376,24,0,57.333333333333336,True,False,False,False,False,False,True,False,False,1,33024,0
637,21,1,1,0,3,15653,60,1,260.8833333333333,True,False,False,False,False,False,True,False,False,3,939180,3
638,34,0,1,0,3,1493,12,0,124.41666666666669,True,False,False,False,False,False,True,False,False,1,17916,0
639,26,1,1,0,0,4370,42,0,104.04761904761904,True,False,False,False,False,False,True,False,False,2,183540,0
640,27,0,0,0,0,750,18,0,41.66666666666666,True,False,False,False,True,False,False,False,False,1,13500,0
641,38,1,1,0,1,1308,15,0,87.2,True,False,False,False,False,False,False,True,False,1,19620,0
642,40,1,1,1,3,4623,15,0,308.2,True,False,False,False,True,False,False,False,False,2,69345,1
643,33,1,1,0,3,1851,24,0,77.125,True,False,False,False,False,False,True,False,False,1,44424,0
644,32,1,1,0,0,1880,18,0,104.44444444444444,True,False,False,False,False,False,True,False,False,1,33840,0
646,32,1,1,0,0,4583,30,0,152.76666666666668,True,False,False,False,False,True,False,False,False,2,137490,0
647,26,0,1,2,3,1386,12,0,115.5,True,False,True,False,False,False,False,False,False,1,16632,0
648,38,1,1,0,2,947,24,0,39.458333333333336,False,False,True,False,False,False,False,False,False,1,22728,0
649,40,1,1,0,0,684,12,0,57.0,False,True,False,False,True,False,False,False,False,1,8208,1
650,50,1,1,0,0,7476,48,1,155.75,False,False,False,False,True,False,False,False,False,0,358848,1
651,37,1,1,0,1,1922,12,0,160.16666666666666,True,False,False,False,False,True,False,False,False,1,23064,0
652,45,1,1,0,0,2303,24,0,95.95833333333331,True,False,True,False,False,False,False,False,False,2,55272,1
653,42,1,1,1,1,8086,36,1,224.61111111111111,True,False,True,False,False,False,False,False,False,0,291096,1
654,35,1,1,0,3,2346,24,0,97.75,True,False,True,False,False,False,False,False,False,2,56304,0
655,22,1,1,0,0,3973,14,0,283.7857142857143,False,False,True,False,False,False,False,False,False,2,55622,3
656,41,1,1,0,1,888,12,0,74.0,True,False,True,False,False,False,False,False,False,1,10656,1
658,28,0,1,0,1,4221,30,0,140.7,True,False,False,False,False,False,False,False,False,2,126630,0
659,41,1,1,0,1,6361,18,1,353.3888888888889,True,False,False,False,False,True,False,False,False,0,114498,1
660,23,1,1,0,2,1297,12,0,108.08333333333331,False,True,False,False,False,False,True,False,False,1,15564,3
661,23,1,1,4,0,900,12,0,75.0,True,False,True,False,False,False,False,False,False,1,10800,3
662,50,1,1,0,3,2241,21,0,106.71428571428572,True,False,False,False,False,True,False,False,False,2,47061,1
663,35,1,1,0,1,1050,6,0,175.0,True,False,False,False,False,True,False,False,False,1,6300,0
664,50,0,1,0,2,1047,6,0,174.5,True,False,False,False,True,False,False,False,False,1,6282,1
665,27,1,1,0,3,6314,24,1,263.0833333333333,True,False,False,False,False,False,False,False,True,0,151536,0
666,34,1,1,3,1,3496,30,0,116.53333333333332,True,False,False,False,False,True,False,False,False,2,104880,0
667,27,0,1,0,3,3609,48,0,75.1875,True,False,False,False,False,False,False,False,False,2,173232,0
668,43,1,1,0,0,4843,12,0,403.5833333333333,False,True,True,False,False,False,False,False,False,2,58116,1
669,47,1,1,0,2,3017,30,0,100.56666666666666,True,False,False,False,False,False,True,False,False,2,90510,1
670,27,1,1,1,3,4139,24,0,172.45833333333334,True,False,False,False,False,False,False,False,False,2,99336,0
671,31,1,1,1,3,5742,36,1,159.5,True,False,False,False,False,False,False,False,False,0,206712,0
672,42,1,1,0,3,10366,60,1,172.76666666666668,True,False,True,False,False,False,False,False,False,3,621960,1
673,24,1,1,2,3,2080,6,0,346.6666666666667,True,False,True,False,False,False,False,False,False,2,12480,3
674,41,1,1,2,3,2580,21,0,122.85714285714286,True,False,False,False,False,False,False,False,False,2,54180,1
675,26,0,1,0,3,4530,30,0,151.0,False,True,False,False,False,False,True,False,False,2,135900,0
676,33,1,1,0,3,5150,24,1,214.58333333333331,True,False,False,False,False,True,False,False,False,0,123600,0
677,24,1,1,1,1,5595,72,1,77.70833333333333,True,False,False,False,False,False,True,False,False,0,402840,3
678,64,1,1,0,0,2384,24,0,99.33333333333331,False,True,False,False,False,False,True,False,False,2,57216,2
679,26,0,1,0,3,1453,18,0,80.72222222222223,True,False,False,False,False,False,True,False,False,1,26154,0
680,56,0,1,0,3,1538,6,0,256.3333333333333,True,False,False,False,True,False,False,False,False,1,9228,1
682,33,1,1,0,3,1478,15,0,98.53333333333332,True,False,False,False,False,False,True,False,False,1,22170,0
683,47,1,1,0,3,5103,24,1,212.625,False,False,False,False,False,False,True,False,False,0,122472,1
684,31,1,1,1,1,9857,36,1,273.80555555555554,True,False,False,False,False,False,False,False,False,0,354852,0
686,27,1,1,4,2,1347,10,0,134.7,True,False,False,False,False,False,True,False,False,1,13470,0
687,30,1,1,1,1,2862,36,0,79.5,False,False,True,False,False,False,False,False,False,2,103032,0
688,35,1,1,1,3,2753,9,0,305.8888888888889,True,False,False,False,False,False,True,False,False,2,24777,0
689,31,1,1,3,0,3651,12,0,304.25,True,False,True,False,False,False,False,False,False,2,43812,0
690,25,1,1,0,0,975,15,0,65.0,True,False,False,False,False,True,False,False,False,1,14625,0
691,25,0,1,1,1,2631,15,0,175.4,True,False,False,False,False,False,False,True,False,2,39465,0
692,29,1,1,1,1,2896,24,0,120.66666666666669,True,False,False,False,False,False,True,False,False,2,69504,0
693,44,1,1,4,0,4716,6,0,786.0,True,False,True,False,False,False,False,False,False,2,28296,1
694,28,1,1,0,3,2284,24,0,95.16666666666669,True,False,False,False,False,False,True,False,False,2,54816,0
695,50,1,1,2,3,1236,6,0,206.0,False,True,True,False,False,False,False,False,False,1,7416,1
696,29,1,1,0,1,1103,12,0,91.91666666666669,True,False,False,False,False,False,True,False,False,1,13236,0
697,38,0,0,0,3,926,12,0,77.16666666666667,True,False,True,False,False,False,False,False,False,1,11112,0
698,24,1,1,0,3,1800,18,0,100.0,True,False,False,False,False,False,True,False,False,1,32400,3
699,40,1,1,0,2,1905,15,0,127.0,False,True,False,False,True,False,False,False,False,1,28575,1
700,29,0,1,2,3,1123,12,0,93.58333333333331,False,True,False,False,False,True,False,False,False,1,13476,0
701,46,1,1,0,0,6331,48,1,131.89583333333334,False,False,True,False,False,False,False,False,False,0,303888,1
702,47,0,1,1,2,1377,24,0,57.375,False,False,False,False,False,False,True,False,False,1,33048,1
703,41,1,1,1,1,2503,30,0,83.43333333333334,True,False,False,False,False,False,False,False,False,2,75090,1
704,32,0,1,0,1,2528,27,0,93.62962962962963,True,False,False,False,False,False,False,False,False,2,68256,0
705,35,0,1,2,3,5324,15,1,354.93333333333334,False,False,True,False,False,False,False,False,False,0,79860,0
706,24,1,1,1,1,6560,48,1,136.66666666666666,True,False,True,False,False,False,False,False,False,0,314880,3
707,25,0,1,0,1,2969,12,0,247.41666666666663,False,True,False,False,False,True,False,False,False,2,35628,0
708,25,0,1,0,1,1206,9,0,134.0,True,False,False,False,False,False,True,False,False,1,10854,0
709,37,1,1,0,1,2118,9,0,235.33333333333331,True,False,False,False,False,False,True,False,False,2,19062,0
710,32,1,1,2,3,629,18,0,34.94444444444444,True,False,False,False,False,False,True,False,False,1,11322,0
711,35,0,1,0,0,1198,6,0,199.66666666666663,False,False,False,False,True,False,False,False,False,1,7188,0
713,25,1,1,0,0,1138,9,0,126.44444444444444,True,False,False,False,False,False,True,False,False,1,10242,0
714,27,1,1,0,1,14027,60,1,233.78333333333333,True,False,True,False,False,False,False,False,False,3,841620,0
717,32,1,1,0,3,1505,18,0,83.61111111111111,False,False,False,False,False,False,True,False,False,1,27090,0
718,31,1,1,4,2,3148,24,0,131.16666666666666,True,False,False,False,False,False,True,False,False,2,75552,0
719,31,1,1,1,1,6148,20,1,307.4,True,False,True,False,False,False,False,False,False,0,122960,0
720,34,1,1,0,2,1337,9,0,148.55555555555554,True,False,False,False,False,False,True,False,False,1,12033,0
721,24,0,1,3,1,433,6,0,72.16666666666667,False,True,False,False,True,False,False,False,False,1,2598,3
722,24,0,1,0,0,1228,12,0,102.33333333333331,True,False,True,False,False,False,False,False,False,1,14736,3
723,66,0,1,2,1,790,9,0,87.77777777777777,True,False,False,False,False,False,True,False,False,1,7110,2
724,21,0,1,0,3,2570,27,0,95.1851851851852,False,True,True,False,False,False,False,False,False,2,69390,3
725,41,0,1,3,3,250,6,0,41.66666666666666,True,False,True,False,False,False,False,False,False,1,1500,1
726,47,1,1,2,3,1316,15,0,87.73333333333333,True,False,False,False,False,False,True,False,False,1,19740,1
727,25,0,1,0,0,1882,18,0,104.55555555555556,False,True,False,False,False,False,True,False,False,1,33876,0
728,59,0,1,0,1,6416,48,1,133.66666666666666,False,True,False,False,False,False,False,False,False,0,307968,1
729,36,1,1,3,2,1275,24,0,53.125,True,False,False,False,False,False,False,False,False,1,30600,0
730,33,1,1,0,1,6403,24,1,266.7916666666667,True,False,False,False,False,False,True,False,False,0,153672,0
731,21,1,1,0,0,1987,24,0,82.79166666666667,False,True,False,False,False,False,True,False,False,1,47688,3
732,44,0,1,0,1,760,8,0,95.0,True,False,False,False,False,False,True,False,False,1,6080,1
733,28,0,1,3,3,2603,24,0,108.45833333333331,False,True,True,False,False,False,False,False,False,2,62472,0
734,37,0,1,0,3,3380,4,0,845.0,True,False,True,False,False,False,False,False,False,2,13520,0
735,29,0,0,4,1,3990,36,0,110.83333333333331,True,False,False,True,False,False,False,False,False,2,143640,0
736,23,0,1,0,1,11560,24,1,481.6666666666667,False,True,True,False,False,False,False,False,False,3,277440,3
737,35,1,1,1,0,4380,18,0,243.33333333333331,True,False,True,False,False,False,False,False,False,2,78840,0
738,45,1,1,0,3,6761,6,1,1126.8333333333333,True,False,True,False,False,False,False,False,False,0,40566,1
739,26,0,1,1,1,4280,30,0,142.66666666666666,False,True,False,False,False,False,False,False,False,2,128400,0
740,32,1,1,1,0,2325,24,0,96.875,True,False,True,False,False,False,False,False,False,2,55800,0
741,23,1,1,0,1,1048,10,0,104.8,True,False,False,False,False,False,True,False,False,1,10480,3
743,22,1,1,2,0,2483,24,0,103.45833333333331,True,False,False,False,False,True,False,False,False,2,59592,3
744,30,1,1,4,0,14179,39,1,363.56410256410254,True,False,False,False,False,True,False,False,False,3,552981,0
745,28,1,1,0,0,1797,13,0,138.23076923076923,True,False,False,False,False,False,False,False,False,1,23361,0
746,23,0,1,0,0,2511,15,0,167.4,False,True,True,False,False,False,False,False,False,2,37665,3
747,37,0,1,0,0,1274,12,0,106.16666666666669,True,False,True,False,False,False,False,False,False,1,15288,0
749,33,1,1,0,3,3029,15,0,201.9333333333333,True,False,True,False,False,False,False,False,False,2,45435,0
750,49,0,1,0,0,428,6,0,71.33333333333333,True,False,False,False,False,True,False,False,False,1,2568,1
751,23,0,1,0,0,976,18,0,54.22222222222222,True,False,True,False,False,False,False,False,False,1,17568,3
752,23,0,1,1,1,841,12,0,70.08333333333333,False,True,False,False,False,False,False,False,False,1,10092,3
753,25,0,1,0,3,5771,30,1,192.36666666666667,True,False,False,False,False,False,True,False,False,0,173130,0
754,55,1,1,3,3,1555,12,0,129.58333333333334,False,False,False,False,False,False,False,True,False,1,18660,1
755,32,0,1,4,0,1285,24,0,53.54166666666666,False,True,True,False,False,False,False,False,False,1,30840,0
756,74,1,0,0,2,1299,6,0,216.5,True,False,True,False,False,False,False,False,False,1,7794,2
757,39,1,1,4,2,1271,15,0,84.73333333333333,False,False,False,False,False,False,True,False,False,1,19065,0
758,31,1,1,0,3,1393,24,0,58.04166666666666,True,False,True,False,False,False,False,False,False,1,33432,0
759,35,1,1,0,0,691,12,0,57.583333333333336,True,False,True,False,False,False,False,False,False,1,8292,0
761,24,0,1,0,0,2124,18,0,118.0,False,True,False,False,False,True,False,False,False,2,38232,3
762,24,1,1,0,0,2214,12,0,184.5,True,False,False,False,False,False,True,False,False,2,26568,3
764,27,1,1,1,3,2463,24,0,102.625,True,False,True,False,False,False,False,False,False,2,59112,0
765,40,1,1,0,1,1155,12,0,96.25,True,False,False,False,False,False,True,False,False,1,13860,1
766,31,1,1,0,0,3108,30,0,103.6,True,False,False,False,False,True,False,False,False,2,93240,0
768,28,1,1,0,1,3617,12,0,301.4166666666667,False,True,False,False,False,True,False,False,False,2,43404,0
769,63,1,1,0,3,1655,12,0,137.91666666666666,True,False,False,False,False,False,True,False,False,1,19860,2
770,26,0,1,4,0,2812,24,0,117.16666666666669,False,True,True,False,False,False,False,False,False,2,67488,0
771,25,0,1,0,0,8065,36,1,224.02777777777777,True,False,False,False,True,False,False,False,False,0,290340,0
772,36,1,1,0,3,3275,21,0,155.95238095238096,True,False,True,False,False,False,False,False,False,2,68775,0
773,52,1,1,1,3,2223,24,0,92.625,True,False,False,False,False,False,True,False,False,2,53352,1
774,66,1,0,2,2,1480,12,0,123.33333333333331,False,False,True,False,False,False,False,False,False,1,17760,2
775,25,0,1,4,0,1371,24,0,57.125,False,True,True,False,False,False,False,False,False,1,32904,0
776,37,1,1,0,3,3535,36,0,98.19444444444444,True,False,True,False,False,False,False,False,False,2,127260,0
777,25,0,1,0,0,3509,18,0,194.94444444444449,True,False,False,False,False,False,True,False,False,2,63162,0
778,38,1,1,3,3,5711,36,1,158.63888888888889,True,False,True,False,False,False,False,False,False,0,205596,0
779,67,0,1,0,1,3872,18,0,215.11111111111111,True,False,False,False,False,False,False,True,False,2,69696,2
780,25,1,1,0,1,4933,39,0,126.48717948717947,True,False,False,False,False,False,True,False,False,2,192387,0
781,60,1,1,3,3,1940,24,0,80.83333333333333,True,False,True,False,False,False,False,False,False,1,46560,2
782,31,1,1,0,1,1410,12,0,117.5,True,False,False,False,True,False,False,False,False,1,16920,0
783,23,0,1,1,1,836,12,0,69.66666666666667,True,False,True,False,False,False,False,False,False,1,10032,3
784,60,1,1,4,1,6468,20,1,323.4,True,False,True,False,False,False,False,False,False,0,129360,2
785,35,1,1,3,1,1941,18,0,107.83333333333331,True,False,False,False,False,False,False,False,False,1,34938,0
786,40,1,1,2,3,2675,22,0,121.5909090909091,True,False,False,False,False,False,True,False,False,2,58850,1
788,50,1,1,0,1,6224,48,1,129.66666666666666,False,False,False,False,True,False,False,False,False,0,298752,1
789,27,1,1,0,0,5998,40,1,149.95,True,False,False,False,True,False,False,False,False,0,239920,0
790,39,0,1,0,1,1188,21,0,56.57142857142857,True,False,False,False,False,False,False,False,False,1,24948,0
793,51,1,1,0,2,2892,24,0,120.5,False,False,False,False,False,True,False,False,False,2,69408,1
794,32,1,1,2,3,3062,24,0,127.58333333333331,False,True,False,False,False,True,False,False,False,2,73488,0
795,22,0,1,1,3,2301,9,0,255.66666666666663,False,True,False,False,False,True,False,False,False,2,20709,3
796,51,1,1,4,0,7511,18,1,417.27777777777777,False,False,True,False,False,False,False,False,False,0,135198,1
797,22,0,1,0,3,1258,12,0,104.83333333333331,False,True,False,False,False,True,False,False,False,1,15096,3
799,35,1,0,4,1,1549,9,0,172.11111111111111,True,False,True,False,False,False,False,False,False,1,13941,0
800,54,1,1,0,3,1597,24,0,66.54166666666667,False,False,False,False,True,False,False,False,False,1,38328,1
801,48,0,1,0,1,1795,18,0,99.72222222222224,False,True,False,False,False,False,True,False,False,1,32310,1
802,24,0,1,0,0,4272,20,0,213.6,True,False,False,False,False,True,False,False,False,2,85440,3
804,24,0,0,4,1,7472,12,1,622.6666666666666,False,True,True,False,False,False,False,False,False,0,89664,3
805,24,1,1,0,0,9271,36,1,257.52777777777777,True,False,True,False,False,False,False,False,False,0,333756,3
806,26,1,1,0,1,590,6,0,98.33333333333331,True,False,False,False,False,False,True,False,False,1,3540,0
808,55,1,1,0,1,9283,42,1,221.02380952380952,False,False,True,False,False,False,False,False,False,0,389886,1
809,26,0,0,0,1,1778,15,0,118.53333333333332,False,True,True,False,False,False,False,False,False,1,26670,0
810,26,1,1,0,1,907,8,0,113.375,True,False,False,False,False,False,False,False,False,1,7256,0
811,28,1,1,0,1,484,6,0,80.66666666666667,True,False,False,False,False,False,True,False,False,1,2904,0
812,24,1,1,0,0,9629,36,1,267.47222222222223,True,False,True,False,False,False,False,False,False,0,346644,3
813,54,1,1,0,0,3051,48,0,63.5625,True,False,False,True,False,False,False,False,False,2,146448,1
814,46,1,1,0,0,3931,48,0,81.89583333333333,False,False,True,False,False,False,False,False,False,2,188688,1
815,54,0,1,0,1,7432,36,1,206.44444444444449,False,True,True,False,False,False,False,False,False,0,267552,1
816,62,1,1,2,3,1338,6,0,223.0,True,False,False,True,False,False,False,False,False,1,8028,2
817,24,0,1,0,3,1554,6,0,259.0,False,True,False,False,False,False,True,False,False,1,9324,3
818,43,1,1,0,0,15857,36,1,440.47222222222223,True,False,False,False,False,False,False,False,True,3,570852,1
819,26,1,1,0,0,1345,18,0,74.72222222222223,True,False,False,False,False,False,True,False,False,1,24210,0
820,27,1,1,0,3,1101,12,0,91.75,True,False,True,False,False,False,False,False,False,1,13212,0
821,24,1,1,0,2,3016,12,0,251.33333333333331,True,False,False,False,False,False,True,False,False,2,36192,3
822,41,1,1,0,0,2712,36,0,75.33333333333333,True,False,False,False,False,True,False,False,False,2,97632,1
823,47,1,1,0,0,731,8,0,91.375,True,False,True,False,False,False,False,False,False,1,5848,1
824,35,1,1,0,3,3780,18,0,210.0,True,False,False,False,False,True,False,False,False,2,68040,0
825,30,1,1,0,0,1602,21,0,76.28571428571429,True,False,True,False,False,False,False,False,False,1,33642,0
826,33,0,1,0,0,3966,18,0,220.33333333333331,False,True,True,False,False,False,False,False,False,2,71388,0
827,36,1,1,0,3,4165,18,0,231.38888888888889,True,False,False,False,False,False,False,False,False,2,74970,0
828,47,1,1,4,0,8335,36,1,231.52777777777777,False,False,True,False,False,False,False,False,False,0,300060,1
829,38,1,1,4,1,6681,48,1,139.1875,False,False,False,False,False,False,False,False,False,0,320688,0
830,44,1,1,2,3,2375,24,0,98.95833333333331,True,False,False,False,False,False,False,False,False,2,57000,1
831,23,0,1,0,0,1216,18,0,67.55555555555556,False,True,True,False,False,False,False,False,False,1,21888,3
832,29,1,1,0,0,11816,45,1,262.5777777777778,False,True,False,False,False,False,False,False,False,3,531720,0
833,42,0,1,4,1,5084,24,1,211.83333333333331,True,False,False,False,False,False,True,False,False,0,122016,1
834,25,0,1,0,2,2327,15,0,155.13333333333333,True,False,False,False,False,False,True,False,False,2,34905,0
835,48,1,1,0,0,1082,12,0,90.16666666666669,True,False,True,False,False,False,False,False,False,1,12984,1
837,23,0,1,0,3,601,4,0,150.25,False,True,False,False,False,True,False,False,False,1,2404,3
838,63,1,1,0,0,2957,24,0,123.20833333333331,True,False,True,False,False,False,False,False,False,2,70968,2
839,46,1,1,0,3,2611,24,0,108.79166666666669,True,False,False,False,False,False,True,False,False,2,62664,1
840,29,1,1,0,0,5179,36,1,143.86111111111111,True,False,False,False,False,True,False,False,False,0,186444,0
841,28,1,1,0,3,2993,21,0,142.52380952380952,True,False,True,False,False,False,False,False,False,2,62853,0
842,23,0,1,0,3,1943,18,0,107.94444444444444,True,False,False,False,False,False,False,True,False,1,34974,3
843,50,1,1,0,3,1559,24,0,64.95833333333333,True,False,False,False,False,False,False,False,False,1,37416,1
844,47,1,1,0,3,3422,18,0,190.11111111111111,True,False,False,False,False,True,False,False,False,2,61596,1
845,35,1,1,4,1,3976,21,0,189.33333333333331,True,False,False,False,False,True,False,False,False,2,83496,0
847,28,1,1,0,3,1249,24,0,52.04166666666666,True,False,True,False,False,False,False,False,False,1,29976,0
848,59,1,1,0,0,1364,9,0,151.55555555555554,True,False,False,False,False,False,True,False,False,1,12276,1
849,57,1,1,0,0,709,12,0,59.083333333333336,True,False,False,False,False,False,True,False,False,1,8508,1
850,33,1,1,0,0,2235,20,0,111.75,False,True,True,False,False,False,False,False,False,2,44700,0
852,35,1,1,0,3,1471,15,0,98.06666666666666,False,False,False,False,False,False,True,False,False,1,22065,0
853,32,1,1,0,0,1442,18,0,80.11111111111111,False,False,True,False,False,False,False,False,False,1,25956,0
854,45,1,1,0,3,10875,36,1,302.0833333333333,True,False,True,False,False,False,False,False,False,3,391500,1
855,33,1,1,1,3,1474,24,0,61.41666666666666,True,False,True,False,False,False,False,False,False,1,35376,0
857,28,1,1,0,3,3343,15,0,222.86666666666667,False,False,False,False,False,True,False,False,False,2,50145,0
858,29,0,1,0,0,3959,15,0,263.93333333333334,True,False,True,False,False,False,False,False,False,2,59385,0
859,26,1,1,1,3,3577,9,0,397.44444444444446,False,True,True,False,False,False,False,False,False,2,32193,0
860,27,1,1,3,3,5804,24,1,241.83333333333331,True,False,True,False,False,False,False,False,False,0,139296,0
861,28,1,1,0,3,2169,18,0,120.5,True,False,False,False,False,False,False,False,False,2,39042,0
862,35,0,1,0,0,2439,24,0,101.625,True,False,False,False,False,False,True,False,False,2,58536,0
863,32,1,1,3,3,4526,27,0,167.62962962962962,True,False,False,False,False,True,False,False,False,2,122202,0
864,25,1,1,0,3,2210,10,0,221.0,False,True,False,False,False,True,False,False,False,2,22100,0
865,20,0,1,2,3,2221,15,0,148.06666666666666,False,True,False,False,False,True,False,False,False,2,33315,3
866,27,0,1,0,0,2389,18,0,132.72222222222223,True,False,False,False,False,False,True,False,False,2,43002,0
867,42,1,1,0,3,3331,12,0,277.5833333333333,True,False,False,False,False,True,False,False,False,2,39972,1
869,24,0,1,0,0,652,12,0,54.333333333333336,False,True,False,False,False,True,False,False,False,1,7824,3
870,40,0,1,2,3,7678,36,1,213.27777777777777,True,False,False,False,False,True,False,False,False,0,276408,1
871,46,1,1,0,2,1343,6,0,223.83333333333331,True,False,True,False,False,False,False,False,False,1,8058,1
872,26,1,1,1,0,1382,24,0,57.583333333333336,True,False,False,False,False,False,False,False,False,1,33168,0
874,29,1,1,0,0,3590,12,0,299.1666666666667,True,False,False,False,False,True,False,False,False,2,43080,0
875,40,0,1,3,1,1322,11,0,120.1818181818182,True,False,True,False,False,False,False,False,False,1,14542,1
876,36,1,1,0,0,1940,18,0,107.77777777777776,False,False,False,False,False,False,True,False,False,1,34920,0
877,28,1,1,0,3,3595,36,0,99.86111111111111,True,False,False,False,False,False,True,False,False,2,129420,0
878,27,1,1,0,0,1422,9,0,158.0,False,False,True,False,False,False,False,False,False,1,12798,0
880,38,1,1,0,3,7814,24,1,325.5833333333333,True,False,True,False,False,False,False,False,False,0,187536,0
882,36,1,1,4,1,2181,30,0,72.7,True,False,True,False,False,False,False,False,False,2,65430,0
883,65,0,0,0,3,1098,18,0,61.0,True,False,False,False,False,False,True,False,False,1,19764,2
884,43,1,1,0,1,4057,24,0,169.04166666666666,True,False,False,False,False,True,False,False,False,2,97368,1
885,53,0,1,0,0,795,12,0,66.25,True,False,False,False,True,False,False,False,False,1,9540,1
886,34,1,1,4,1,2825,24,0,117.70833333333331,True,False,False,False,False,False,False,False,False,2,67800,0
887,23,1,1,0,1,15672,48,1,326.5,True,False,False,False,False,False,False,False,False,3,752256,3
888,34,1,1,0,3,6614,36,1,183.72222222222223,True,False,True,False,False,False,False,False,False,0,238104,0
890,43,1,1,0,0,2442,27,0,90.44444444444444,True,False,False,False,False,False,False,False,False,2,65934,1
891,46,1,1,0,3,1829,15,0,121.93333333333334,True,False,False,False,False,False,True,False,False,1,27435,1
892,38,1,1,0,0,2171,12,0,180.91666666666663,True,False,True,False,False,False,False,False,False,2,26052,0
893,34,1,1,0,1,5800,36,1,161.11111111111111,True,False,True,False,False,False,False,False,False,0,208800,0
896,28,0,1,0,0,2606,21,0,124.0952380952381,False,True,False,False,False,False,True,False,False,2,54726,0
897,35,0,1,3,3,1592,12,0,132.66666666666666,True,False,False,False,False,True,False,False,False,1,19104,0
899,42,1,1,0,0,4153,18,0,230.72222222222223,True,False,False,False,False,True,False,False,False,2,74754,1
900,43,1,1,0,0,2625,16,0,164.0625,False,True,True,False,False,False,False,False,False,2,42000,1
904,36,1,1,0,3,1278,24,0,53.25,True,False,False,False,False,False,True,False,False,1,30672,0
905,20,1,1,0,0,1107,12,0,92.25,False,True,False,False,False,False,True,False,False,1,13284,3
906,24,1,1,4,0,3763,21,0,179.1904761904762,True,False,True,False,False,False,False,False,False,2,79023,3
907,27,1,1,4,1,3711,36,0,103.08333333333331,True,False,False,False,True,False,False,False,False,2,133596,0
908,46,0,1,0,3,3594,15,0,239.6,True,False,True,False,False,False,False,False,False,2,53910,1
909,33,0,1,4,1,3195,9,0,355.0,True,False,True,False,False,False,False,False,False,2,28755,0
910,34,0,1,0,3,4454,36,0,123.72222222222224,True,False,False,False,False,False,True,False,False,2,160344,0
911,25,0,1,0,1,4736,24,0,197.33333333333331,True,False,False,False,False,True,False,False,False,2,113664,0
912,25,0,1,4,1,2991,30,0,99.7,True,False,False,False,False,False,True,False,False,2,89730,0
913,28,1,1,3,3,2142,11,0,194.72727272727272,True,False,False,False,False,False,False,False,False,2,23562,0
914,31,1,1,0,0,3161,24,0,131.70833333333334,False,True,False,False,False,False,False,False,False,2,75864,0
915,32,0,1,0,1,18424,48,1,383.8333333333333,True,False,False,False,False,False,False,False,True,3,884352,0
916,32,1,1,1,3,2848,10,0,284.8,True,False,True,False,False,False,False,False,False,2,28480,0
917,68,1,1,0,0,14896,6,1,2482.6666666666665,True,False,True,False,False,False,False,False,False,3,89376,2
918,33,1,1,1,0,2359,24,0,98.29166666666669,True,False,False,False,False,True,False,False,False,2,56616,0
919,39,1,1,0,0,3345,24,0,139.375,False,True,False,False,False,True,False,False,False,2,80280,0
920,28,0,1,0,3,1817,18,0,100.94444444444444,True,False,False,False,False,True,False,False,False,1,32706,0
921,37,1,1,2,3,12749,48,1,265.6041666666667,True,False,False,False,False,False,True,False,False,3,611952,0
922,22,0,1,0,0,1366,9,0,151.77777777777777,False,True,False,False,False,False,True,False,False,1,12294,3
923,30,1,1,0,1,2002,12,0,166.83333333333334,False,True,True,False,False,False,False,False,False,2,24024,0
924,55,1,1,0,0,6872,24,1,286.3333333333333,True,False,False,False,False,True,False,False,False,0,164928,1
925,46,1,1,0,0,697,12,0,58.083333333333336,True,False,True,False,False,False,False,False,False,1,8364,1
926,21,0,1,0,0,1049,18,0,58.27777777777778,False,True,False,False,False,True,False,False,False,1,18882,3
927,39,1,1,0,0,10297,48,1,214.52083333333331,False,False,True,False,False,False,False,False,False,3,494256,0
929,43,1,1,0,0,1344,12,0,112.0,True,False,True,False,False,False,False,False,False,1,16128,1
930,24,1,1,0,0,1747,24,0,72.79166666666667,True,False,False,False,False,True,False,False,False,1,41928,3
931,22,0,1,0,1,1670,9,0,185.55555555555557,True,False,False,False,False,False,True,False,False,1,15030,3
932,30,1,1,0,3,1224,9,0,136.0,True,False,True,False,False,False,False,False,False,1,11016,0
933,42,1,1,2,3,522,12,0,43.5,True,False,False,False,False,False,True,False,False,1,6264,1
934,23,0,1,0,0,1498,12,0,124.83333333333331,True,False,False,False,False,False,True,False,False,1,17976,3
935,30,1,1,1,1,1919,30,0,63.96666666666667,True,False,False,False,False,False,True,False,False,1,57570,0
936,28,0,1,0,2,745,9,0,82.77777777777777,True,False,False,False,False,False,True,False,False,1,6705,0
937,30,1,1,0,1,2063,6,0,343.8333333333333,False,True,False,False,False,False,True,False,False,2,12378,0
938,42,1,1,0,1,6288,60,1,104.8,False,False,False,False,True,False,False,False,False,0,377280,1
941,31,1,1,0,3,1546,10,0,154.6,True,False,True,False,False,False,False,False,False,1,15460,0
943,42,1,1,0,3,1455,4,0,363.75,True,False,True,False,False,False,False,False,False,1,5820,1
944,46,0,1,0,0,1845,15,0,123.0,False,True,False,False,False,True,False,False,False,1,27675,1
945,30,0,1,2,1,8358,48,1,174.125,True,False,True,False,False,False,False,False,False,0,401184,0
946,30,1,1,2,0,3349,24,0,139.54166666666666,False,False,False,False,False,True,False,False,False,2,80376,0
948,43,1,1,0,3,1533,18,0,85.16666666666667,True,False,False,False,False,True,False,False,False,1,27594,1
949,31,1,1,1,3,3621,24,0,150.875,True,False,False,False,False,False,True,False,False,2,86904,0
950,40,1,0,0,1,3590,18,0,199.44444444444449,True,False,False,False,False,False,False,False,False,2,64620,1
951,24,1,1,0,0,2145,36,0,59.583333333333336,True,False,False,False,False,False,False,False,False,2,77220,3
952,28,0,1,2,1,4113,24,0,171.375,False,True,True,False,False,False,False,False,False,2,98712,0
953,26,0,1,0,3,10974,36,1,304.8333333333333,True,False,False,False,False,True,False,False,False,3,395064,0
954,29,0,1,0,0,1893,12,0,157.75,True,False,True,False,False,False,False,False,False,1,22716,0
955,57,0,1,3,0,1231,24,0,51.29166666666666,False,True,False,False,False,False,True,False,False,1,29544,1
956,49,1,1,4,2,3656,30,0,121.86666666666666,True,False,False,False,False,False,True,False,False,2,109680,1
957,37,1,1,0,1,1154,9,0,128.22222222222223,True,False,False,False,False,False,True,False,False,1,10386,0
958,45,1,1,0,0,4006,28,0,143.07142857142858,True,False,True,False,False,False,False,False,False,2,112168,1
959,30,1,1,1,1,3069,24,0,127.875,False,False,False,False,False,True,False,False,False,2,73656,0
960,30,1,1,0,3,1740,6,0,290.0,False,True,False,False,False,False,True,False,False,1,10440,0
961,47,1,1,0,1,2353,21,0,112.04761904761904,True,False,True,False,False,False,False,False,False,2,49413,1
963,35,1,1,2,3,2397,24,0,99.875,True,False,False,False,False,False,True,False,False,2,57528,0
964,22,1,1,0,1,454,6,0,75.66666666666667,True,False,False,False,False,False,False,True,False,1,2724,3
965,26,0,1,4,1,1715,30,0,57.16666666666666,True,False,False,False,False,False,True,False,False,1,51450,0
966,23,1,1,2,1,2520,27,0,93.33333333333331,True,False,False,False,False,False,True,False,False,2,68040,3
967,54,0,1,0,3,3568,15,0,237.86666666666667,False,True,False,False,False,False,True,False,False,2,53520,1
969,40,1,1,0,0,3939,11,0,358.09090909090907,True,False,True,False,False,False,False,False,False,2,43329,1
970,22,1,1,1,1,1514,15,0,100.93333333333334,True,False,False,False,False,False,False,True,False,1,22710,3
971,43,1,1,0,3,7393,24,1,308.0416666666667,True,False,True,False,False,False,False,False,False,0,177432,1
972,29,0,0,0,0,1193,24,0,49.708333333333336,False,True,True,False,False,False,False,False,False,1,28632,0
973,36,1,1,0,0,7297,60,1,121.61666666666666,False,True,False,False,False,False,False,False,False,0,437820,0
974,33,0,1,0,3,2831,30,0,94.36666666666666,True,False,False,False,False,False,True,False,False,2,84930,0
975,57,0,1,2,2,1258,24,0,52.41666666666666,True,False,False,False,False,False,True,False,False,1,30192,1
976,64,0,1,0,1,753,6,0,125.5,True,False,False,False,False,False,True,False,False,1,4518,2
977,42,1,1,4,1,2427,18,0,134.83333333333334,True,False,False,False,False,False,False,False,False,2,43686,1
978,47,1,1,0,3,2538,24,0,105.75,True,False,True,False,False,False,False,False,False,2,60912,1
979,25,1,1,1,1,1264,15,0,84.26666666666667,False,True,True,False,False,False,False,False,False,1,18960,0
980,49,1,1,0,1,8386,30,1,279.53333333333336,True,False,False,False,False,True,False,False,False,0,251580,1
981,33,1,1,0,3,4844,48,0,100.91666666666669,False,True,False,False,False,False,False,False,False,2,232512,0
982,28,0,1,1,2,2923,21,0,139.1904761904762,True,False,True,False,False,False,False,False,False,2,61383,0
983,26,1,1,0,0,8229,36,1,228.58333333333331,True,False,True,False,False,False,False,False,False,0,296244,0
984,30,1,1,0,3,2028,24,0,84.5,True,False,False,False,False,True,False,False,False,2,48672,0
985,25,0,1,0,0,1433,15,0,95.53333333333332,False,True,False,False,False,True,False,False,False,1,21495,0
986,33,1,1,0,2,6289,42,1,149.73809523809524,True,False,False,False,False,False,False,False,False,0,264138,0
987,64,0,1,1,3,1409,13,0,108.3846153846154,True,False,False,False,False,False,True,False,False,1,18317,2
988,29,1,1,0,0,6579,24,1,274.125,False,False,True,False,False,False,False,False,False,0,157896,0
989,48,1,1,0,1,1743,24,0,72.625,True,False,False,False,False,False,True,False,False,1,41832,1
991,34,1,1,1,3,1569,15,0,104.6,True,False,False,False,False,False,True,False,False,1,23535,0
992,23,1,1,4,0,1936,18,0,107.55555555555556,False,True,False,False,False,False,True,False,False,1,34848,3
993,30,1,1,0,0,3959,36,0,109.97222222222224,True,False,False,False,False,True,False,False,False,2,142524,0
995,31,0,1,0,3,1736,12,0,144.66666666666666,True,False,False,False,False,True,False,False,False,1,20832,0
996,40,1,1,0,0,3857,30,0,128.56666666666666,True,False,True,False,False,False,False,False,False,2,115710,1
997,38,1,1,0,3,804,12,0,67.0,True,False,False,False,False,False,True,False,False,1,9648,0
998,23,1,1,0,0,1845,45,0,41.0,False,False,False,False,False,False,True,False,False,1,83025,3
999,27,1,1,1,1,4576,45,0,101.68888888888888,True,False,True,False,False,False,False,False,False,2,205920,0
