Unnamed: 0,Age,Sex,Job,Saving_accounts,Checking_account,Credit_amount,Duration,Credit_per_Duration,Housing_own,Housing_rent,Purpose_car,Purpose_domestic appliances,Purpose_education,Purpose_furniture/equipment,Purpose_radio/TV,Purpose_repairs,Purpose_vacation/others,Credit_Amount_Bin,Credit_Duration_Product,Age_Group_Label
11,24,0,1,0,0,4308,48,89.75,False,True,False,False,False,False,False,False,False,2,206784,3
414,35,0,1,4,0,1381,24,57.54166666666666,True,False,True,False,False,False,False,False,False,1,33144,0
272,36,1,1,4,1,12169,48,253.52083333333331,False,False,True,False,False,False,False,False,False,3,584112,0
427,46,1,1,3,3,1149,18,63.833333333333336,True,False,False,False,False,False,True,False,False,1,20682,1
476,24,1,1,2,3,2569,39,65.87179487179488,True,False,True,False,False,False,False,False,False,2,100191,3
972,29,0,0,0,0,1193,24,49.708333333333336,False,True,True,False,False,False,False,False,False,1,28632,0
133,47,1,1,0,3,1984,18,110.22222222222224,False,False,False,False,False,True,False,False,False,1,35712,1
322,34,1,1,0,0,2910,24,121.25,False,False,True,False,False,False,False,False,False,2,69840,0
917,68,1,1,0,0,14896,6,2482.6666666666665,True,False,True,False,False,False,False,False,False,3,89376,2
32,30,1,1,1,1,5866,18,325.8888888888889,True,False,True,False,False,False,False,False,False,0,105588,0
61,50,1,1,4,1,1537,15,102.46666666666668,True,False,False,False,False,False,True,False,False,1,23055,1
461,36,1,1,0,0,1721,15,114.73333333333332,True,False,True,False,False,False,False,False,False,1,25815,0
720,34,1,1,0,2,1337,9,148.55555555555554,True,False,False,False,False,False,True,False,False,1,12033,0
930,24,1,1,0,0,1747,24,72.79166666666667,True,False,False,False,False,True,False,False,False,1,41928,3
989,48,1,1,0,1,1743,24,72.625,True,False,False,False,False,False,True,False,False,1,41832,1
217,23,1,1,0,2,3913,36,108.69444444444444,True,False,False,False,False,False,True,False,False,2,140868,3
409,28,1,1,2,2,939,12,78.25,True,False,True,False,False,False,False,False,False,1,11268,0
93,20,1,1,4,2,3617,24,150.70833333333334,False,True,False,False,False,True,False,False,False,2,86808,3
365,36,1,1,0,3,1542,12,128.5,True,False,False,False,False,False,False,False,False,1,18504,0
416,33,1,1,0,0,2579,12,214.91666666666663,True,False,True,False,False,False,False,False,False,2,30948,0
912,25,0,1,4,1,2991,30,99.7,True,False,False,False,False,False,True,False,False,2,89730,0
364,25,1,0,0,0,2473,18,137.38888888888889,True,False,False,False,False,True,False,False,False,2,44514,0
867,42,1,1,0,3,3331,12,277.5833333333333,True,False,False,False,False,True,False,False,False,2,39972,1
600,45,0,1,0,1,2329,7,332.7142857142857,True,False,False,False,False,False,True,False,False,2,16303,1
710,32,1,1,2,3,629,18,34.94444444444444,True,False,False,False,False,False,True,False,False,1,11322,0
468,26,0,1,0,3,2764,33,83.75757575757575,True,False,False,False,False,False,False,False,False,2,91212,0
292,44,0,1,0,0,6419,24,267.4583333333333,False,False,True,False,False,False,False,False,False,0,154056,1
805,24,1,1,0,0,9271,36,257.52777777777777,True,False,True,False,False,False,False,False,False,0,333756,3
397,46,1,1,0,0,2348,36,65.22222222222223,True,False,False,False,False,True,False,False,False,2,84528,1
975,57,0,1,2,2,1258,24,52.41666666666666,True,False,False,False,False,False,True,False,False,1,30192,1
855,33,1,1,1,3,1474,24,61.41666666666666,True,False,True,False,False,False,False,False,False,1,35376,0
882,36,1,1,4,1,2181,30,72.7,True,False,True,False,False,False,False,False,False,2,65430,0
435,25,1,1,4,1,1484,12,123.66666666666669,True,False,False,False,False,False,True,False,False,1,17808,0
581,49,1,1,0,1,3124,12,260.3333333333333,True,False,True,False,False,False,False,False,False,2,37488,1
929,43,1,1,0,0,1344,12,112.0,True,False,True,False,False,False,False,False,False,1,16128,1
457,35,1,1,0,0,3386,12,282.1666666666667,False,False,True,False,False,False,False,False,False,2,40632,0
607,50,0,1,1,1,2671,36,74.19444444444444,False,False,False,False,False,False,True,False,False,2,96156,1
333,24,0,1,1,3,11590,48,241.45833333333331,False,True,True,False,False,False,False,False,False,3,556320,3
524,26,0,1,0,1,1113,18,61.833333333333336,True,False,False,False,False,False,True,False,False,1,20034,0
324,36,0,1,0,3,1028,18,57.11111111111112,True,False,True,False,False,False,False,False,False,1,18504,0
8,61,1,1,3,3,3059,12,254.91666666666663,True,False,False,False,False,False,True,False,False,2,36708,2
261,55,0,1,0,0,1603,24,66.79166666666667,True,False,False,False,False,False,True,False,False,1,38472,1
172,34,0,1,0,1,2064,24,86.0,True,False,False,False,False,True,False,False,False,2,49536,0
864,25,1,1,0,3,2210,10,221.0,False,True,False,False,False,True,False,False,False,2,22100,0
475,26,0,1,0,0,3114,18,173.0,False,True,False,False,False,True,False,False,False,2,56052,0
116,30,0,1,4,0,7174,42,170.8095238095238,True,False,False,False,False,False,True,False,False,0,301308,0
220,26,1,1,0,1,625,12,52.083333333333336,True,False,False,False,False,False,True,False,False,1,7500,0
810,26,1,1,0,1,907,8,113.375,True,False,False,False,False,False,False,False,False,1,7256,0
388,27,1,1,2,1,2326,15,155.06666666666666,True,False,False,False,False,False,False,False,False,2,34890,0
764,27,1,1,1,3,2463,24,102.625,True,False,True,False,False,False,False,False,False,2,59112,0
421,30,1,1,4,1,2028,12,169.0,True,False,True,False,False,False,False,False,False,2,24336,0
626,41,1,1,0,2,2116,6,352.6666666666667,True,False,False,False,False,True,False,False,False,2,12696,1
400,39,1,1,0,3,1473,18,81.83333333333333,True,False,False,False,False,False,True,False,False,1,26514,0
870,40,0,1,2,3,7678,36,213.27777777777777,True,False,False,False,False,True,False,False,False,0,276408,1
353,28,1,1,0,0,6199,12,516.5833333333334,False,True,False,False,False,False,True,False,False,0,74388,0
2,49,1,1,0,3,2096,12,174.66666666666666,True,False,False,False,True,False,False,False,False,2,25152,1
984,30,1,1,0,3,2028,24,84.5,True,False,False,False,False,True,False,False,False,2,48672,0
562,29,0,1,0,2,683,6,113.83333333333331,True,False,False,False,False,False,True,False,False,1,4098,0
291,28,1,1,0,1,9398,36,261.05555555555554,False,True,True,False,False,False,False,False,False,0,338328,0
699,40,1,1,0,2,1905,15,127.0,False,True,False,False,True,False,False,False,False,1,28575,1
176,42,1,1,0,0,2577,12,214.75,True,False,False,False,False,True,False,False,False,2,30924,1
573,22,0,1,0,0,806,15,53.73333333333333,True,False,False,False,False,False,False,False,False,1,12090,3
927,39,1,1,0,0,10297,48,214.52083333333331,False,False,True,False,False,False,False,False,False,3,494256,0
623,22,0,1,0,0,1858,12,154.83333333333334,False,True,False,False,False,True,False,False,False,1,22296,3
367,22,0,1,0,0,3650,18,202.77777777777777,False,True,False,False,False,True,False,False,False,2,65700,3
998,23,1,1,0,0,1845,45,41.0,False,False,False,False,False,False,True,False,False,1,83025,3
576,27,0,1,0,1,2930,12,244.16666666666663,True,False,False,False,False,False,True,False,False,2,35160,0
482,57,0,1,3,0,3622,30,120.73333333333332,False,True,False,False,False,True,False,False,False,2,108660,1
579,27,1,1,0,3,937,24,39.04166666666666,True,False,False,False,True,False,False,False,False,1,22488,0
452,34,1,1,0,3,2759,12,229.91666666666663,True,False,False,False,False,True,False,False,False,2,33108,0
885,53,0,1,0,0,795,12,66.25,True,False,False,False,True,False,False,False,False,1,9540,1
399,43,0,1,3,3,1516,24,63.16666666666666,True,False,False,False,False,False,True,False,False,1,36384,1
957,37,1,1,0,1,1154,9,128.22222222222223,True,False,False,False,False,False,True,False,False,1,10386,0
900,43,1,1,0,0,2625,16,164.0625,False,True,True,False,False,False,False,False,False,2,42000,1
724,21,0,1,0,3,2570,27,95.1851851851852,False,True,True,False,False,False,False,False,False,2,69390,3
234,42,1,1,0,3,1544,4,386.0,True,False,False,False,False,False,True,False,False,1,6176,1
90,56,1,1,0,3,618,12,51.5,True,False,False,False,False,False,True,False,False,1,7416,1
165,32,1,1,2,3,2978,6,496.3333333333333,True,False,False,False,False,True,False,False,False,2,17868,0
546,37,0,1,0,3,2022,24,84.25,True,False,True,False,False,False,False,False,False,2,48528,0
647,26,0,1,2,3,1386,12,115.5,True,False,True,False,False,False,False,False,False,1,16632,0
304,44,1,1,2,3,10127,48,210.97916666666663,False,False,True,False,False,False,False,False,False,3,486096,1
496,29,1,1,1,1,9034,36,250.94444444444449,False,True,False,False,False,True,False,False,False,0,325224,0
891,46,1,1,0,3,1829,15,121.93333333333334,True,False,False,False,False,False,True,False,False,1,27435,1
149,46,1,1,3,3,1582,18,87.88888888888889,True,False,False,False,False,False,True,False,False,1,28476,1
661,23,1,1,4,0,900,12,75.0,True,False,True,False,False,False,False,False,False,1,10800,3
602,34,0,1,0,1,1837,24,76.54166666666667,False,False,False,False,True,False,False,False,False,1,44088,0
389,27,0,1,0,3,1449,9,161.0,True,False,False,False,False,False,False,False,False,1,13041,0
790,39,0,1,0,1,1188,21,56.57142857142857,True,False,False,False,False,False,False,False,False,1,24948,0
783,23,0,1,1,1,836,12,69.66666666666667,True,False,True,False,False,False,False,False,False,1,10032,3
509,45,1,1,1,3,8588,39,220.2051282051282,True,False,True,False,False,False,False,False,False,0,334932,1
401,28,1,1,4,1,1887,18,104.83333333333331,True,False,False,False,False,False,False,False,False,1,33966,0
654,35,1,1,0,3,2346,24,97.75,True,False,True,False,False,False,False,False,False,2,56304,0
849,57,1,1,0,0,709,12,59.083333333333336,True,False,False,False,False,False,True,False,False,1,8508,1
329,28,1,1,0,1,1068,6,178.0,True,False,False,False,False,False,True,False,False,1,6408,0
190,54,1,1,3,3,4591,24,191.29166666666663,True,False,False,False,False,False,False,False,False,2,110184,1
644,32,1,1,0,0,1880,18,104.44444444444444,True,False,False,False,False,False,True,False,False,1,33840,0
350,23,0,1,0,3,1236,9,137.33333333333334,False,True,False,True,False,False,False,False,False,1,11124,3
658,28,0,1,0,1,4221,30,140.7,True,False,False,False,False,False,False,False,False,2,126630,0
893,34,1,1,0,1,5800,36,161.11111111111111,True,False,True,False,False,False,False,False,False,0,208800,0
103,35,1,1,0,1,1919,9,213.22222222222223,False,True,False,False,False,True,False,False,False,1,17271,0
933,42,1,1,2,3,522,12,43.5,True,False,False,False,False,False,True,False,False,1,6264,1
199,40,1,1,0,1,4297,18,238.72222222222223,True,False,False,False,False,True,False,False,False,2,77346,1
544,61,1,1,0,3,1255,12,104.58333333333331,True,False,True,False,False,False,False,False,False,1,15060,2
886,34,1,1,4,1,2825,24,117.70833333333331,True,False,False,False,False,False,False,False,False,2,67800,0
79,22,1,1,0,1,3832,30,127.73333333333332,True,False,False,False,False,True,False,False,False,2,114960,3
147,51,0,1,1,3,682,12,56.833333333333336,True,False,True,False,False,False,False,False,False,1,8184,1
474,33,1,1,0,1,1245,18,69.16666666666667,True,False,False,False,False,False,True,False,False,1,22410,0
528,31,1,1,0,0,2302,36,63.94444444444444,False,True,False,False,False,False,True,False,False,2,82872,0
151,38,1,1,0,3,1924,10,192.4,True,False,False,False,False,False,True,False,False,1,19240,0
182,40,1,1,4,0,1647,21,78.42857142857143,True,False,True,False,False,False,False,False,False,1,34587,1
31,27,1,1,0,0,4020,24,167.5,True,False,False,False,False,True,False,False,False,2,96480,0
824,35,1,1,0,3,3780,18,210.0,True,False,False,False,False,True,False,False,False,2,68040,0
213,66,1,1,0,2,1908,30,63.6,True,False,False,False,False,False,False,False,False,1,57240,2
405,22,1,1,0,1,2039,24,84.95833333333333,True,False,False,False,False,False,True,False,False,2,48936,3
635,47,1,1,0,3,1393,12,116.08333333333331,True,False,False,False,True,False,False,False,False,1,16716,1
187,68,1,0,0,1,1175,16,73.4375,False,False,True,False,False,False,False,False,False,1,18800,2
911,25,0,1,0,1,4736,24,197.33333333333331,True,False,False,False,False,True,False,False,False,2,113664,0
156,48,1,1,1,0,1288,9,143.11111111111111,True,False,False,False,False,False,False,True,False,1,11592,1
191,34,1,1,1,1,3844,48,80.08333333333333,False,False,False,False,False,False,False,False,False,2,184512,0
7,35,1,1,0,1,6948,36,193.0,False,True,True,False,False,False,False,False,False,0,250128,0
639,26,1,1,0,0,4370,42,104.04761904761904,True,False,False,False,False,False,True,False,False,2,183540,0
433,33,1,1,0,3,2058,24,85.75,True,False,False,False,False,False,False,True,False,2,49392,0
84,52,1,1,0,0,2315,10,231.5,True,False,False,False,False,False,True,False,False,2,23150,1
788,50,1,1,0,1,6224,48,129.66666666666666,False,False,False,False,True,False,False,False,False,0,298752,1
366,27,1,1,0,3,3850,18,213.88888888888889,True,False,True,False,False,False,False,False,False,2,69300,0
506,36,1,1,2,2,2360,15,157.33333333333334,True,False,True,False,False,False,False,False,False,2,35400,0
162,36,1,1,2,3,1262,15,84.13333333333334,True,False,False,True,False,False,False,False,False,1,18930,0
256,35,1,1,0,3,2684,24,111.83333333333331,True,False,False,False,False,False,True,False,False,2,64416,0
242,24,1,1,0,0,4605,48,95.9375,False,False,True,False,False,False,False,False,False,2,221040,3
775,25,0,1,4,0,1371,24,57.125,False,True,True,False,False,False,False,False,False,1,32904,0
653,42,1,1,1,1,8086,36,224.61111111111111,True,False,True,False,False,False,False,False,False,0,291096,1
148,28,1,1,0,0,5371,36,149.19444444444446,True,False,False,False,False,True,False,False,False,0,193356,0
508,28,1,1,0,3,1413,24,58.875,True,False,False,False,False,False,True,False,False,1,33912,0
744,30,1,1,4,0,14179,39,363.56410256410254,True,False,False,False,False,True,False,False,False,3,552981,0
203,21,1,1,0,0,902,12,75.16666666666667,False,True,False,False,True,False,False,False,False,1,10824,3
45,35,0,1,0,3,1393,11,126.63636363636364,True,False,True,False,False,False,False,False,False,1,15323,0
605,22,1,1,2,0,2828,24,117.83333333333331,True,False,False,False,False,True,False,False,False,2,67872,3
123,63,1,1,0,2,781,10,78.1,False,False,True,False,False,False,False,False,False,1,7810,2
470,22,1,1,1,1,3092,24,128.83333333333334,False,True,False,False,False,False,True,False,False,2,74208,3
62,61,1,1,0,1,1953,36,54.25,False,False,False,False,False,False,False,False,False,1,70308,2
360,61,1,1,4,1,1239,18,68.83333333333333,False,False,False,False,True,False,False,False,False,1,22302,2
390,30,1,1,0,3,1820,18,101.11111111111111,True,False,True,False,False,False,False,False,False,1,32760,0
555,22,1,1,0,1,1331,12,110.91666666666669,True,False,False,False,False,False,True,False,False,1,15972,3
27,42,0,1,3,2,409,12,34.083333333333336,False,True,False,False,False,False,True,False,False,1,4908,1
398,46,1,1,0,1,1223,12,101.91666666666669,False,True,True,False,False,False,False,False,False,1,14676,1
479,44,1,1,0,0,1478,15,98.53333333333332,True,False,False,False,False,True,False,False,False,1,22170,1
485,47,1,1,0,1,1209,6,201.5,True,False,True,False,False,False,False,False,False,1,7254,1
57,31,0,1,0,3,9566,36,265.72222222222223,True,False,False,False,False,False,True,False,False,0,344376,0
694,28,1,1,0,3,2284,24,95.16666666666669,True,False,False,False,False,False,True,False,False,2,54816,0
914,31,1,1,0,0,3161,24,131.70833333333334,False,True,False,False,False,False,False,False,False,2,75864,0
816,62,1,1,2,3,1338,6,223.0,True,False,False,True,False,False,False,False,False,1,8028,2
290,26,1,1,0,3,1076,12,89.66666666666667,True,False,False,False,False,False,False,False,False,1,12912,0
487,62,0,1,0,3,3757,24,156.54166666666666,False,False,True,False,False,False,False,False,False,2,90168,2
677,24,1,1,1,1,5595,72,77.70833333333333,True,False,False,False,False,False,True,False,False,0,402840,3
458,27,0,1,0,0,343,6,57.16666666666666,True,False,False,True,False,False,False,False,False,1,2058,0
395,32,1,1,1,1,11760,39,301.53846153846155,False,True,False,False,True,False,False,False,False,3,458640,0
20,48,1,1,0,3,2134,9,237.11111111111111,True,False,True,False,False,False,False,False,False,2,19206,1
959,30,1,1,1,1,3069,24,127.875,False,False,False,False,False,True,False,False,False,2,73656,0
380,39,1,1,4,0,2212,20,110.6,True,False,False,False,False,True,False,False,False,2,44240,0
95,58,1,1,0,1,15945,54,295.27777777777777,False,True,False,False,False,False,False,False,False,3,861030,1
68,37,1,1,0,3,1819,36,50.52777777777778,False,False,False,False,True,False,False,False,False,1,65484,0
301,42,0,1,0,1,3804,36,105.66666666666669,True,False,False,False,False,False,True,False,False,2,136944,1
315,31,1,1,0,0,2746,36,76.27777777777777,True,False,False,False,False,True,False,False,False,2,98856,0
857,28,1,1,0,3,3343,15,222.86666666666667,False,False,False,False,False,True,False,False,False,2,50145,0
574,27,1,1,0,1,1082,9,120.22222222222224,True,False,False,False,False,False,True,False,False,1,9738,0
13,60,1,1,0,0,1199,24,49.958333333333336,True,False,True,False,False,False,False,False,False,1,28776,2
200,52,1,1,2,3,936,9,104.0,True,False,False,False,True,False,False,False,False,1,8424,1
429,55,0,0,0,0,1190,18,66.11111111111111,False,False,False,False,False,False,False,True,False,1,21420,1
611,48,0,1,1,2,1240,10,124.0,False,False,True,False,False,False,False,False,False,1,12400,1
245,25,1,1,0,3,1258,24,52.41666666666666,True,False,False,False,False,False,False,False,False,1,30192,0
568,41,1,1,4,1,3979,48,82.89583333333333,True,False,False,False,False,False,True,False,False,2,190992,1
695,50,1,1,2,3,1236,6,206.0,False,True,True,False,False,False,False,False,False,1,7416,1
437,37,0,1,3,3,1287,24,53.625,True,False,True,False,False,False,False,False,False,1,30888,0
952,28,0,1,2,1,4113,24,171.375,False,True,True,False,False,False,False,False,False,2,98712,0
580,30,1,1,0,1,1056,18,58.66666666666666,True,False,True,False,False,False,False,False,False,1,19008,0
604,23,0,1,0,2,1275,10,127.5,True,False,False,False,False,True,False,False,False,1,12750,3
194,21,1,1,1,1,3031,45,67.35555555555555,False,True,False,False,False,False,True,False,False,2,136395,3
664,50,0,1,0,2,1047,6,174.5,True,False,False,False,True,False,False,False,False,1,6282,1
493,38,1,1,4,1,368,6,61.333333333333336,True,False,False,False,False,False,True,False,False,1,2208,0
943,42,1,1,0,3,1455,4,363.75,True,False,True,False,False,False,False,False,False,1,5820,1
181,30,1,1,0,1,4455,36,123.75,True,False,False,False,False,False,False,False,False,2,160380,0
273,28,1,1,0,1,3060,48,63.75,True,False,False,False,False,False,True,False,False,2,146880,0
632,23,1,1,4,1,1444,15,96.26666666666668,True,False,False,False,False,False,True,False,False,1,21660,3
875,40,0,1,3,1,1322,11,120.1818181818182,True,False,True,False,False,False,False,False,False,1,14542,1
85,29,0,1,0,3,1412,12,117.66666666666669,True,False,False,False,False,False,False,False,False,1,16944,0
128,34,1,1,0,1,1860,12,155.0,True,False,True,False,False,False,False,False,False,1,22320,0
687,30,1,1,1,1,2862,36,79.5,False,False,True,False,False,False,False,False,False,2,103032,0
547,32,1,1,0,3,1552,24,64.66666666666667,True,False,False,False,False,False,True,False,False,1,37248,0
119,36,1,1,2,1,2366,12,197.16666666666663,True,False,True,False,False,False,False,False,False,2,28392,0
129,29,0,1,0,0,3499,12,291.5833333333333,True,False,True,False,False,False,False,False,False,2,41988,0
642,40,1,1,1,3,4623,15,308.2,True,False,False,False,True,False,False,False,False,2,69345,1
106,39,1,1,0,3,6458,18,358.77777777777777,True,False,True,False,False,False,False,False,False,0,116244,0
556,28,0,1,1,1,2278,18,126.55555555555556,True,False,True,False,False,False,False,False,False,2,41004,0
102,24,0,1,0,3,932,6,155.33333333333334,True,False,False,False,False,False,True,False,False,1,5592,3
369,40,0,1,0,1,3001,18,166.72222222222223,False,True,False,False,False,True,False,False,False,2,54018,1
986,33,1,1,0,2,6289,42,149.73809523809524,True,False,False,False,False,False,False,False,False,0,264138,0
915,32,0,1,0,1,18424,48,383.8333333333333,True,False,False,False,False,False,False,False,True,3,884352,0
926,21,0,1,0,0,1049,18,58.27777777777778,False,True,False,False,False,True,False,False,False,1,18882,3
601,30,0,1,0,1,918,9,102.0,True,False,False,False,False,True,False,False,False,1,8262,0
819,26,1,1,0,0,1345,18,74.72222222222223,True,False,False,False,False,False,True,False,False,1,24210,0
108,30,0,1,4,0,7721,24,321.7083333333333,True,False,False,False,False,True,False,False,False,0,185304,0
12,22,0,1,0,1,1567,12,130.58333333333334,True,False,False,False,False,False,True,False,False,1,18804,3
585,20,0,1,0,0,2039,18,113.27777777777776,False,True,False,False,False,True,False,False,False,2,36702,3
47,23,0,0,2,0,1352,6,225.33333333333331,False,True,True,False,False,False,False,False,False,1,8112,3
46,39,1,1,2,3,2299,36,63.86111111111112,True,False,False,False,False,False,True,False,False,2,82764,0
362,36,0,1,0,2,2247,12,187.25,True,False,True,False,False,False,False,False,False,2,26964,0
185,31,1,1,0,3,1360,15,90.66666666666669,True,False,False,False,False,False,True,False,False,1,20400,0
865,20,0,1,2,3,2221,15,148.06666666666666,False,True,False,False,False,True,False,False,False,2,33315,3
595,32,0,1,1,1,931,6,155.16666666666666,True,False,True,False,False,False,False,False,False,1,5586,0
747,37,0,1,0,0,1274,12,106.16666666666669,True,False,True,False,False,False,False,False,False,1,15288,0
662,50,1,1,0,3,2241,21,106.71428571428572,True,False,False,False,False,True,False,False,False,2,47061,1
196,28,0,1,0,3,1382,6,230.33333333333331,True,False,False,False,False,False,True,False,False,1,8292,0
646,32,1,1,0,0,4583,30,152.76666666666668,True,False,False,False,False,True,False,False,False,2,137490,0
876,36,1,1,0,0,1940,18,107.77777777777776,False,False,False,False,False,False,True,False,False,1,34920,0
656,41,1,1,0,1,888,12,74.0,True,False,True,False,False,False,False,False,False,1,10656,1
195,34,0,1,0,1,1501,9,166.77777777777777,True,False,False,False,True,False,False,False,False,1,13509,0
511,32,1,1,0,3,4686,36,130.16666666666666,False,False,True,False,False,False,False,False,False,2,168696,0
672,42,1,1,0,3,10366,60,172.76666666666668,True,False,True,False,False,False,False,False,False,3,621960,1
785,35,1,1,3,1,1941,18,107.83333333333331,True,False,False,False,False,False,False,False,False,1,34938,0
679,26,0,1,0,3,1453,18,80.72222222222223,True,False,False,False,False,False,True,False,False,1,26154,0
422,47,1,1,0,1,958,12,79.83333333333333,True,False,True,False,False,False,False,False,False,1,11496,1
282,49,1,1,4,2,1445,18,80.27777777777777,True,False,False,False,False,False,True,False,False,1,26010,1
488,35,1,1,1,3,1418,10,141.8,False,True,True,False,False,False,False,False,False,1,14180,0
368,42,1,1,0,0,3446,36,95.72222222222224,True,False,False,False,False,True,False,False,False,2,124056,1
794,32,1,1,2,3,3062,24,127.58333333333331,False,True,False,False,False,True,False,False,False,2,73488,0
17,25,1,1,4,0,8072,30,269.06666666666666,True,False,False,False,False,False,False,False,False,0,242160,0
3,45,1,1,0,0,7882,42,187.66666666666663,False,False,False,False,False,True,False,False,False,0,331044,1
852,35,1,1,0,3,1471,15,98.06666666666666,False,False,False,False,False,False,True,False,False,1,22065,0
281,50,1,1,0,3,1574,12,131.16666666666666,True,False,False,False,False,True,False,False,False,1,18888,1
818,43,1,1,0,0,15857,36,440.47222222222223,True,False,False,False,False,False,False,False,True,3,570852,1
529,41,1,1,0,0,662,6,110.33333333333331,True,False,True,False,False,False,False,False,False,1,3972,1
711,35,0,1,0,0,1198,6,199.66666666666663,False,False,False,False,True,False,False,False,False,1,7188,0
432,36,1,1,0,0,1872,6,312.0,False,False,False,False,False,True,False,False,False,1,11232,0
244,35,0,1,2,3,3447,12,287.25,True,False,False,False,True,False,False,False,False,2,41364,0
197,27,0,1,1,1,951,12,79.25,False,True,False,False,False,True,False,False,False,1,11412,0
828,47,1,1,4,0,8335,36,231.52777777777777,False,False,True,False,False,False,False,False,False,0,300060,1
918,33,1,1,1,0,2359,24,98.29166666666669,True,False,False,False,False,True,False,False,False,2,56616,0
357,26,1,1,0,3,4463,36,123.97222222222224,True,False,False,False,False,False,True,False,False,2,160668,0
588,47,1,1,0,0,1217,18,67.61111111111111,True,False,False,True,False,False,False,False,False,1,21906,1
10,25,0,1,0,1,1295,12,107.91666666666669,False,True,True,False,False,False,False,False,False,1,15540,0
274,34,1,1,0,0,11998,30,399.9333333333333,True,False,False,False,False,False,False,True,False,3,359940,0
25,36,1,1,0,0,1374,6,229.0,True,False,False,False,False,True,False,False,False,1,8244,0
394,31,1,1,0,3,2406,9,267.3333333333333,True,False,False,False,False,True,False,False,False,2,21654,0
243,27,0,1,0,3,1185,12,98.75,True,False,False,False,False,False,False,False,False,1,14220,0
665,27,1,1,0,3,6314,24,263.0833333333333,True,False,False,False,False,False,False,False,True,0,151536,0
850,33,1,1,0,0,2235,20,111.75,False,True,True,False,False,False,False,False,False,2,44700,0
981,33,1,1,0,3,4844,48,100.91666666666669,False,True,False,False,False,False,False,False,False,2,232512,0
586,36,1,1,0,0,2799,9,311.0,False,True,True,False,False,False,False,False,False,2,25191,0
375,37,0,1,0,0,7685,48,160.10416666666666,False,True,False,False,False,False,False,False,False,0,368880,0
825,30,1,1,0,0,1602,21,76.28571428571429,True,False,True,False,False,False,False,False,False,1,33642,0
582,26,0,1,0,3,1388,9,154.22222222222223,False,True,False,False,False,True,False,False,False,1,12492,0
225,27,1,1,0,3,2613,36,72.58333333333333,True,False,False,False,False,False,False,True,False,2,94068,0
259,57,0,1,1,3,1154,11,104.9090909090909,True,False,False,False,False,False,True,False,False,1,12694,1
107,32,1,1,0,1,6078,12,506.5,True,False,True,False,False,False,False,False,False,0,72936,0
541,60,1,1,0,3,2032,24,84.66666666666667,False,False,True,False,False,False,False,False,False,2,48768,2
491,42,0,1,0,1,8318,27,308.0740740740741,False,False,False,False,False,False,False,False,False,0,224586,1
923,30,1,1,0,1,2002,12,166.83333333333334,False,True,True,False,False,False,False,False,False,2,24024,0
314,29,1,1,4,2,1494,4,373.5,True,False,True,False,False,False,False,False,False,1,5976,0
202,26,1,1,0,3,5117,27,189.5185185185185,True,False,False,False,False,False,False,False,False,0,138159,0
832,29,1,1,0,0,11816,45,262.5777777777778,False,True,False,False,False,False,False,False,False,3,531720,0
477,25,1,1,0,2,5152,24,214.66666666666663,True,False,False,False,False,False,True,False,False,0,123648,0
592,36,0,1,3,3,1572,21,74.85714285714286,True,False,False,False,False,False,False,False,False,1,33012,0
170,33,1,1,0,0,950,15,63.333333333333336,False,True,True,False,False,False,False,False,False,1,14250,0
86,27,0,1,0,1,1295,18,71.94444444444444,True,False,False,False,False,True,False,False,False,1,23310,0
726,47,1,1,2,3,1316,15,87.73333333333333,True,False,False,False,False,False,True,False,False,1,19740,1
786,40,1,1,2,3,2675,22,121.5909090909091,True,False,False,False,False,False,True,False,False,2,58850,1
307,33,1,1,1,0,727,12,60.583333333333336,True,False,False,False,False,False,True,False,False,1,8724,0
77,51,1,1,0,1,4771,11,433.7272727272728,True,False,False,False,False,False,True,False,False,2,52481,1
489,26,1,1,0,3,3518,6,586.3333333333334,False,True,True,False,False,False,False,False,False,2,21108,0
624,65,1,1,0,0,2600,18,144.44444444444446,False,False,False,False,False,False,True,False,False,2,46800,2
206,43,1,1,0,3,1935,12,161.25,True,False,False,False,False,True,False,False,False,1,23220,1
300,54,0,0,0,3,672,6,112.0,True,False,True,False,False,False,False,False,False,1,4032,1
732,44,0,1,0,1,760,8,95.0,True,False,False,False,False,False,True,False,False,1,6080,1
958,45,1,1,0,0,4006,28,143.07142857142858,True,False,True,False,False,False,False,False,False,2,112168,1
258,23,0,1,1,3,3812,15,254.13333333333333,True,False,True,False,False,False,False,False,False,2,57180,3
101,24,1,1,0,1,2323,36,64.52777777777777,False,True,False,False,False,False,True,False,False,2,83628,3
840,29,1,1,0,0,5179,36,143.86111111111111,True,False,False,False,False,True,False,False,False,0,186444,0
132,27,1,1,0,3,2708,15,180.53333333333333,True,False,False,False,False,True,False,False,False,2,40620,0
141,30,0,1,0,1,4795,36,133.19444444444446,True,False,False,False,False,False,True,False,False,2,172620,0
830,44,1,1,2,3,2375,24,98.95833333333331,True,False,False,False,False,False,False,False,False,2,57000,1
319,27,0,1,0,0,3643,15,242.86666666666667,True,False,False,False,False,True,False,False,False,2,54645,0
260,27,1,1,0,0,1657,12,138.08333333333334,True,False,False,False,False,True,False,False,False,1,19884,0
0,67,1,1,4,0,1169,6,194.83333333333331,True,False,False,False,False,False,True,False,False,1,7014,2
988,29,1,1,0,0,6579,24,274.125,False,False,True,False,False,False,False,False,False,0,157896,0
523,23,0,1,1,3,3488,24,145.33333333333334,True,False,True,False,False,False,False,False,False,2,83712,3
862,35,0,1,0,0,2439,24,101.625,True,False,False,False,False,False,True,False,False,2,58536,0
434,25,1,1,0,0,2136,9,237.33333333333331,True,False,False,False,False,True,False,False,False,2,19224,0
589,60,1,1,0,0,2246,12,187.16666666666663,True,False,False,False,False,True,False,False,False,2,26952,2
142,27,1,1,0,0,3416,27,126.51851851851852,True,False,False,False,False,False,True,False,False,2,92232,0
308,24,0,1,0,1,1237,8,154.625,True,False,False,False,False,True,False,False,False,1,9896,3
765,40,1,1,0,1,1155,12,96.25,True,False,False,False,False,False,True,False,False,1,13860,1
131,29,1,1,0,0,6887,36,191.30555555555557,True,False,False,False,True,False,False,False,False,0,247932,0
518,43,1,1,1,0,1203,6,200.5,True,False,True,False,False,False,False,False,False,1,7218,1
250,39,0,1,3,0,666,6,111.0,True,False,True,False,False,False,False,False,False,1,3996,0
689,31,1,1,3,0,3651,12,304.25,True,False,True,False,False,False,False,False,False,2,43812,0
977,42,1,1,4,1,2427,18,134.83333333333334,True,False,False,False,False,False,False,False,False,2,43686,1
63,25,1,1,0,1,14421,48,300.4375,True,False,False,False,False,False,False,False,False,3,692208,0
571,38,1,1,0,3,5954,30,198.46666666666667,True,False,False,False,False,False,True,False,False,0,178620,0
303,49,1,1,0,0,1038,10,103.8,True,False,True,False,False,False,False,False,False,1,10380,1
349,32,1,1,3,1,1136,9,126.22222222222224,False,False,False,False,True,False,False,False,False,1,10224,0
670,27,1,1,1,3,4139,24,172.45833333333334,True,False,False,False,False,False,False,False,False,2,99336,0
161,30,0,1,0,3,1055,18,58.61111111111112,True,False,True,False,False,False,False,False,False,1,18990,0
701,46,1,1,0,0,6331,48,131.89583333333334,False,False,True,False,False,False,False,False,False,0,303888,1
759,35,1,1,0,0,691,12,57.583333333333336,True,False,True,False,False,False,False,False,False,1,8292,0
907,27,1,1,4,1,3711,36,103.08333333333331,True,False,False,False,True,False,False,False,False,2,133596,0
835,48,1,1,0,0,1082,12,90.16666666666669,True,False,True,False,False,False,False,False,False,1,12984,1
408,26,1,1,2,3,3235,24,134.79166666666666,True,False,False,False,False,False,True,False,False,2,77640,0
295,26,0,1,0,1,9960,48,207.5,True,False,False,False,False,True,False,False,False,0,478080,0
690,25,1,1,0,0,975,15,65.0,True,False,False,False,False,True,False,False,False,1,14625,0
338,28,1,1,0,0,4169,24,173.70833333333334,True,False,False,False,False,True,False,False,False,2,100056,0
464,34,1,1,0,3,1950,18,108.33333333333331,True,False,False,False,False,False,False,False,False,1,35100,0
341,26,0,1,0,0,3599,21,171.38095238095238,False,True,False,False,False,True,False,False,False,2,75579,0
392,39,1,1,0,0,3249,36,90.25,False,False,True,False,False,False,False,False,False,2,116964,0
50,29,1,1,4,1,2333,24,97.20833333333331,True,False,False,False,False,True,False,False,False,2,55992,0
387,40,1,1,0,1,7374,18,409.6666666666667,True,False,False,False,False,True,False,False,False,0,132732,1
410,20,0,1,0,1,1967,24,81.95833333333333,True,False,False,False,False,False,True,False,False,1,47208,3
525,30,1,1,0,1,7966,26,306.38461538461536,True,False,True,False,False,False,False,False,False,0,207116,0
638,34,0,1,0,3,1493,12,124.41666666666669,True,False,False,False,False,False,True,False,False,1,17916,0
287,31,1,1,1,1,7582,48,157.95833333333334,False,False,False,False,False,False,False,False,True,0,363936,0
216,31,1,1,0,0,3104,18,172.44444444444446,True,False,False,False,False,False,False,False,False,2,55872,0
999,27,1,1,1,1,4576,45,101.68888888888888,True,False,True,False,False,False,False,False,False,2,205920,0
826,33,0,1,0,0,3966,18,220.33333333333331,False,True,True,False,False,False,False,False,False,2,71388,0
122,24,1,1,0,3,1768,12,147.33333333333334,False,True,False,False,False,True,False,False,False,1,21216,3
973,36,1,1,0,0,7297,60,121.61666666666666,False,True,False,False,False,False,False,False,False,0,437820,0
66,29,0,1,0,3,2171,12,180.91666666666663,True,False,False,False,False,False,True,False,False,2,26052,0
728,59,0,1,0,1,6416,48,133.66666666666666,False,True,False,False,False,False,False,False,False,0,307968,1
289,48,1,1,0,0,1024,24,42.66666666666666,True,False,False,False,False,False,True,False,False,1,24576,1
793,51,1,1,0,2,2892,24,120.5,False,False,False,False,False,True,False,False,False,2,69408,1
114,35,1,1,2,0,1680,12,140.0,True,False,False,False,False,False,True,False,False,1,20160,0
486,52,1,1,0,3,3077,12,256.4166666666667,True,False,False,False,False,False,True,False,False,2,36924,1
537,37,0,1,0,1,3612,18,200.66666666666663,True,False,False,False,False,True,False,False,False,2,65016,0
741,23,1,1,0,1,1048,10,104.8,True,False,False,False,False,False,True,False,False,1,10480,3
335,44,1,1,0,0,3384,6,564.0,False,True,False,False,False,True,False,False,False,2,20304,1
376,34,1,1,0,3,2320,18,128.88888888888889,True,False,False,False,False,False,True,False,False,2,41760,0
964,22,1,1,0,1,454,6,75.66666666666667,True,False,False,False,False,False,False,True,False,1,2724,3
166,33,0,1,0,0,1131,18,62.833333333333336,True,False,False,False,False,True,False,False,False,1,20358,0
140,27,1,0,3,2,709,6,118.16666666666669,True,False,True,False,False,False,False,False,False,1,4254,0
778,38,1,1,3,3,5711,36,158.63888888888889,True,False,True,False,False,False,False,False,False,0,205596,0
56,52,1,1,4,1,6468,12,539.0,True,False,False,False,False,False,True,False,False,0,77616,1
391,19,0,1,3,1,983,12,81.91666666666667,False,True,False,False,False,True,False,False,False,1,11796,3
944,46,0,1,0,0,1845,15,123.0,False,True,False,False,False,True,False,False,False,1,27675,1
158,38,1,1,1,1,3512,24,146.33333333333334,True,False,True,False,False,False,False,False,False,2,84288,0
515,37,0,1,0,0,609,6,101.5,True,False,True,False,False,False,False,False,False,1,3654,0
438,65,1,0,0,0,3394,42,80.80952380952381,True,False,False,False,False,False,False,True,False,2,142548,2
621,32,1,1,0,3,1530,18,85.0,True,False,True,False,False,False,False,False,False,1,27540,0
351,29,0,1,0,1,959,9,106.55555555555556,True,False,False,False,False,True,False,False,False,1,8631,0
21,44,1,1,2,0,2647,6,441.1666666666667,False,True,False,False,False,False,True,False,False,2,15882,1
804,24,0,0,4,1,7472,12,622.6666666666666,False,True,True,False,False,False,False,False,False,0,89664,3
782,31,1,1,0,1,1410,12,117.5,True,False,False,False,True,False,False,False,False,1,16920,0
899,42,1,1,0,0,4153,18,230.72222222222223,True,False,False,False,False,True,False,False,False,2,74754,1
447,35,1,1,0,1,2576,7,368.0,True,False,False,False,False,False,True,False,False,2,18032,0
637,21,1,1,0,3,15653,60,260.8833333333333,True,False,False,False,False,False,True,False,False,3,939180,3
42,44,1,1,0,1,6204,18,344.6666666666667,True,False,False,False,False,False,False,True,False,0,111672,1
193,29,1,1,0,3,2108,6,351.3333333333333,False,True,False,False,False,False,True,False,False,2,12648,0
268,45,1,1,0,0,8978,14,641.2857142857143,True,False,True,False,False,False,False,False,False,0,125692,1
960,30,1,1,0,3,1740,6,290.0,False,True,False,False,False,False,True,False,False,1,10440,0
755,32,0,1,4,0,1285,24,53.54166666666666,False,True,True,False,False,False,False,False,False,1,30840,0
745,28,1,1,0,0,1797,13,138.23076923076923,True,False,False,False,False,False,False,False,False,1,23361,0
906,24,1,1,4,0,3763,21,179.1904761904762,True,False,True,False,False,False,False,False,False,2,79023,3
171,26,0,1,0,3,763,12,63.583333333333336,True,False,False,False,False,True,False,False,False,1,9156,0
317,48,0,1,4,1,4351,24,181.29166666666663,True,False,False,False,False,True,False,False,False,2,104424,1
598,31,1,1,0,3,2775,18,154.16666666666666,True,False,True,False,False,False,False,False,False,2,49950,0
19,31,1,1,2,3,3430,24,142.91666666666666,True,False,False,False,False,False,True,False,False,2,82320,0
143,22,1,1,0,0,2462,18,136.77777777777777,True,False,False,False,False,True,False,False,False,2,44316,3
354,46,1,1,2,3,727,10,72.7,False,False,False,False,True,False,False,False,False,1,7270,1
280,23,1,1,3,3,3368,15,224.53333333333333,False,True,True,False,False,False,False,False,False,2,50520,3
655,22,1,1,0,0,3973,14,283.7857142857143,False,False,True,False,False,False,False,False,False,2,55622,3
961,47,1,1,0,1,2353,21,112.04761904761904,True,False,True,False,False,False,False,False,False,2,49413,1
208,21,1,1,0,0,6568,24,273.6666666666667,True,False,False,False,False,False,False,False,False,0,157632,3
130,24,0,1,4,1,8487,48,176.8125,True,False,True,False,False,False,False,False,False,0,407376,3
612,29,0,1,3,0,3357,21,159.85714285714286,True,False,False,False,False,False,True,False,False,2,70497,0
198,36,1,1,4,1,2760,24,115.0,False,False,True,False,False,False,False,False,False,2,66240,0
332,24,0,1,1,1,7408,60,123.46666666666668,True,False,True,False,False,False,False,False,False,0,444480,3
751,23,0,1,0,0,976,18,54.22222222222222,True,False,True,False,False,False,False,False,False,1,17568,3
705,35,0,1,2,3,5324,15,354.93333333333334,False,False,True,False,False,False,False,False,False,0,79860,0
719,31,1,1,1,1,6148,20,307.4,True,False,True,False,False,False,False,False,False,0,122960,0
680,56,0,1,0,3,1538,6,256.3333333333333,True,False,False,False,True,False,False,False,False,1,9228,1
660,23,1,1,0,2,1297,12,108.08333333333331,False,True,False,False,False,False,True,False,False,1,15564,3
567,34,1,1,3,3,2578,24,107.41666666666669,True,False,False,False,False,False,True,False,False,2,61872,0
982,28,0,1,1,2,2923,21,139.1904761904762,True,False,True,False,False,False,False,False,False,2,61383,0
49,28,0,1,1,3,2073,12,172.75,True,False,False,False,False,False,True,False,False,2,24876,0
905,20,1,1,0,0,1107,12,92.25,False,True,False,False,False,False,True,False,False,1,13284,3
174,26,1,1,0,0,3414,21,162.57142857142858,True,False,False,False,True,False,False,False,False,2,71694,0
817,24,0,1,0,3,1554,6,259.0,False,True,False,False,False,False,True,False,False,1,9324,3
189,33,0,1,0,1,3244,18,180.22222222222223,True,False,False,False,False,True,False,False,False,2,58392,0
18,44,0,1,0,1,12579,24,524.125,False,False,True,False,False,False,False,False,False,3,301896,1
561,24,1,1,0,0,1546,24,64.41666666666667,False,True,False,False,False,False,True,False,False,1,37104,3
52,25,1,1,0,3,1262,12,105.16666666666669,True,False,False,False,False,False,True,False,False,1,15144,0
969,40,1,1,0,0,3939,11,358.09090909090907,True,False,True,False,False,False,False,False,False,2,43329,1
831,23,0,1,0,0,1216,18,67.55555555555556,False,True,True,False,False,False,False,False,False,1,21888,3
565,23,0,1,1,1,1553,24,64.70833333333333,False,True,False,False,False,False,True,False,False,1,37272,3
682,33,1,1,0,3,1478,15,98.53333333333332,True,False,False,False,False,False,True,False,False,1,22170,0
526,31,0,1,1,3,1532,15,102.13333333333334,True,False,False,False,True,False,False,False,False,1,22980,0
313,25,1,1,0,1,685,12,57.083333333333336,True,False,True,False,False,False,False,False,False,1,8220,0
652,45,1,1,0,0,2303,24,95.95833333333331,True,False,True,False,False,False,False,False,False,2,55272,1
247,35,1,1,1,3,1204,6,200.66666666666663,False,True,True,False,False,False,False,False,False,1,7224,0
29,63,1,1,0,0,6836,60,113.93333333333334,True,False,False,False,False,False,False,False,False,0,410160,2
774,66,1,0,2,2,1480,12,123.33333333333331,False,False,True,False,False,False,False,False,False,1,17760,2
480,23,0,1,0,1,3573,12,297.75,True,False,False,False,False,False,True,False,False,2,42876,3
948,43,1,1,0,3,1533,18,85.16666666666667,True,False,False,False,False,True,False,False,False,1,27594,1
402,27,1,1,0,3,8648,24,360.3333333333333,True,False,False,False,False,False,False,False,False,0,207552,0
251,46,0,1,0,2,2251,12,187.58333333333331,True,False,False,False,False,True,False,False,False,2,27012,1
41,26,1,1,2,1,1158,12,96.5,True,False,False,False,False,False,True,False,False,1,13896,0
963,35,1,1,2,3,2397,24,99.875,True,False,False,False,False,False,True,False,False,2,57528,0
413,40,1,1,2,3,1597,10,159.7,False,True,True,False,False,False,False,False,False,1,15970,1
513,20,1,1,0,1,585,12,48.75,False,True,False,False,False,False,True,False,False,1,7020,3
965,26,0,1,4,1,1715,30,57.16666666666666,True,False,False,False,False,False,True,False,False,1,51450,0
841,28,1,1,0,3,2993,21,142.52380952380952,True,False,True,False,False,False,False,False,False,2,62853,0
721,24,0,1,3,1,433,6,72.16666666666667,False,True,False,False,True,False,False,False,False,1,2598,3
215,39,0,1,4,1,932,6,155.33333333333334,True,False,False,False,True,False,False,False,False,1,5592,0
843,50,1,1,0,3,1559,24,64.95833333333333,True,False,False,False,False,False,False,False,False,1,37416,1
925,46,1,1,0,0,697,12,58.083333333333336,True,False,True,False,False,False,False,False,False,1,8364,1
552,34,1,1,0,0,6999,48,145.8125,True,False,False,False,False,False,True,False,False,0,335952,0
980,49,1,1,0,1,8386,30,279.53333333333336,True,False,False,False,False,True,False,False,False,0,251580,1
880,38,1,1,0,3,7814,24,325.5833333333333,True,False,True,False,False,False,False,False,False,0,187536,0
636,28,0,1,2,3,1376,24,57.333333333333336,True,False,False,False,False,False,True,False,False,1,33024,0
966,23,1,1,2,1,2520,27,93.33333333333331,True,False,False,False,False,False,True,False,False,2,68040,3
180,28,1,1,0,3,9572,36,265.8888888888889,True,False,False,False,False,False,False,False,False,0,344592,0
697,38,0,0,0,3,926,12,77.16666666666667,True,False,True,False,False,False,False,False,False,1,11112,0
169,31,1,1,0,1,1935,24,80.625,True,False,False,False,False,False,False,False,False,1,46440,0
676,33,1,1,0,3,5150,24,214.58333333333331,True,False,False,False,False,True,False,False,False,0,123600,0
696,29,1,1,0,1,1103,12,91.91666666666669,True,False,False,False,False,False,True,False,False,1,13236,0
795,22,0,1,1,3,2301,9,255.66666666666663,False,True,False,False,False,True,False,False,False,2,20709,3
126,40,1,1,0,0,701,12,58.41666666666666,True,False,False,False,False,False,True,False,False,1,8412,1
248,26,1,1,0,2,1925,24,80.20833333333333,True,False,False,False,False,True,False,False,False,1,46200,0
772,36,1,1,0,3,3275,21,155.95238095238096,True,False,True,False,False,False,False,False,False,2,68775,0
118,23,0,1,2,0,4281,33,129.72727272727272,True,False,False,False,False,True,False,False,False,2,141273,3
462,34,0,1,0,1,3017,12,251.41666666666663,False,True,False,False,False,True,False,False,False,2,36204,0
460,37,1,1,0,0,3620,36,100.55555555555556,True,False,False,False,False,True,False,False,False,2,130320,0
643,33,1,1,0,3,1851,24,77.125,True,False,False,False,False,False,True,False,False,1,44424,0
134,21,0,1,1,3,10144,60,169.06666666666666,True,False,False,False,False,False,True,False,False,3,608640,3
59,23,0,1,0,0,6229,36,173.02777777777777,False,True,False,False,False,True,False,False,False,0,224244,3
168,25,0,1,0,3,3972,24,165.5,False,True,False,False,False,True,False,False,False,2,95328,0
442,29,1,1,0,1,2629,20,131.45,True,False,False,False,False,False,False,False,True,2,52580,0
941,31,1,1,0,3,1546,10,154.6,True,False,True,False,False,False,False,False,False,1,15460,0
229,22,1,1,0,0,3149,24,131.20833333333334,False,False,False,False,False,True,False,False,False,2,75576,3
834,25,0,1,0,2,2327,15,155.13333333333333,True,False,False,False,False,False,True,False,False,2,34905,0
753,25,0,1,0,3,5771,30,192.36666666666667,True,False,False,False,False,False,True,False,False,0,173130,0
9,28,1,1,0,1,5234,30,174.46666666666667,True,False,True,False,False,False,False,False,False,0,157020,0
801,48,0,1,0,1,1795,18,99.72222222222224,False,True,False,False,False,False,True,False,False,1,32310,1
40,30,1,1,2,3,2333,30,77.76666666666667,True,False,False,False,False,False,True,False,False,2,69990,0
495,20,1,1,4,0,2996,24,124.83333333333331,True,False,False,False,False,True,False,False,False,2,71904,3
278,32,0,1,0,3,4611,6,768.5,True,False,False,False,False,True,False,False,False,2,27666,0
334,23,1,1,0,0,4110,24,171.25,False,True,False,False,False,True,False,False,False,2,98640,3
737,35,1,1,1,0,4380,18,243.33333333333331,True,False,True,False,False,False,False,False,False,2,78840,0
627,29,1,1,1,1,1437,9,159.66666666666666,True,False,True,False,False,False,False,False,False,1,12933,0
683,47,1,1,0,3,5103,24,212.625,False,False,False,False,False,False,True,False,False,0,122472,1
827,36,1,1,0,3,4165,18,231.38888888888889,True,False,False,False,False,False,False,False,False,2,74970,0
713,25,1,1,0,0,1138,9,126.44444444444444,True,False,False,False,False,False,True,False,False,1,10242,0
288,49,0,1,0,1,1092,12,91.0,True,False,False,False,False,False,True,False,False,1,13104,1
669,47,1,1,0,2,3017,30,100.56666666666666,True,False,False,False,False,False,True,False,False,2,90510,1
328,31,1,1,0,2,4473,36,124.25,True,False,False,False,False,False,True,False,False,2,161028,0
455,29,0,1,0,3,2679,24,111.625,True,False,True,False,False,False,False,False,False,2,64296,0
167,20,0,1,3,1,1577,11,143.36363636363637,True,False,False,False,False,True,False,False,False,1,17347,3
780,25,1,1,0,1,4933,39,126.48717948717947,True,False,False,False,False,False,True,False,False,2,192387,0
878,27,1,1,0,0,1422,9,158.0,False,False,True,False,False,False,False,False,False,1,12798,0
603,28,0,1,0,3,3349,36,93.02777777777776,True,False,False,False,False,True,False,False,False,2,120564,0
535,33,1,1,0,2,2319,21,110.42857142857144,False,True,False,False,True,False,False,False,False,2,48699,0
164,36,1,1,2,3,909,36,25.25,True,False,True,False,False,False,False,False,False,1,32724,0
163,70,1,1,0,1,7308,10,730.8,False,False,True,False,False,False,False,False,False,0,73080,2
714,27,1,1,0,1,14027,60,233.78333333333333,True,False,True,False,False,False,False,False,False,3,841620,0
924,55,1,1,0,0,6872,24,286.3333333333333,True,False,False,False,False,True,False,False,False,0,164928,1
731,21,1,1,0,0,1987,24,82.79166666666667,False,True,False,False,False,False,True,False,False,1,47688,3
385,25,0,1,0,3,2238,18,124.33333333333331,True,False,False,False,False,False,True,False,False,2,40284,0
507,34,1,1,1,1,6850,15,456.6666666666667,True,False,True,False,False,False,False,False,False,0,102750,0
358,28,1,1,0,3,776,12,64.66666666666667,True,False,False,False,False,False,True,False,False,1,9312,0
204,38,1,1,0,3,1495,12,124.58333333333331,True,False,True,False,False,False,False,False,False,1,17940,0
139,44,0,1,0,2,1881,12,156.75,False,True,False,False,False,False,True,False,False,1,22572,1
842,23,0,1,0,3,1943,18,107.94444444444444,True,False,False,False,False,False,False,True,False,1,34974,3
667,27,0,1,0,3,3609,48,75.1875,True,False,False,False,False,False,False,False,False,2,173232,0
160,36,1,1,1,3,2872,24,119.66666666666669,True,False,False,False,False,False,True,False,False,2,68928,0
997,38,1,1,0,3,804,12,67.0,True,False,False,False,False,False,True,False,False,1,9648,0
218,24,1,1,0,0,3021,24,125.875,False,True,False,False,False,True,False,False,False,2,72504,3
668,43,1,1,0,0,4843,12,403.5833333333333,False,True,True,False,False,False,False,False,False,2,58116,1
309,22,1,1,0,1,276,9,30.666666666666668,False,True,True,False,False,False,False,False,False,1,2484,3
323,28,1,1,3,0,2659,18,147.72222222222223,True,False,False,False,False,True,False,False,False,2,47862,0
439,26,0,0,0,2,609,12,50.75,True,False,False,False,False,False,False,False,False,1,7308,0
138,35,1,1,4,1,2728,15,181.86666666666667,True,False,False,False,False,False,True,False,False,2,40920,0
201,27,1,1,0,0,1168,12,97.33333333333331,True,False,True,False,False,False,False,False,False,1,14016,0
224,30,1,1,0,3,4657,15,310.46666666666664,True,False,True,False,False,False,False,False,False,2,69855,0
481,26,1,1,0,1,1201,24,50.04166666666666,True,False,True,False,False,False,False,False,False,1,28824,0
271,37,0,1,2,3,1402,12,116.83333333333331,False,True,False,False,False,True,False,False,False,1,16824,0
456,36,1,1,0,0,3905,11,355.0,False,True,True,False,False,False,False,False,False,2,42955,0
877,28,1,1,0,3,3595,36,99.86111111111111,True,False,False,False,False,False,True,False,False,2,129420,0
145,30,1,1,1,1,3566,48,74.29166666666667,True,False,False,False,False,False,False,False,False,2,171168,0
698,24,1,1,0,3,1800,18,100.0,True,False,False,False,False,False,True,False,False,1,32400,3
441,30,0,1,0,0,1620,12,135.0,True,False,False,False,False,True,False,False,False,1,19440,0
776,37,1,1,0,3,3535,36,98.19444444444444,True,False,True,False,False,False,False,False,False,2,127260,0
762,24,1,1,0,0,2214,12,184.5,True,False,False,False,False,False,True,False,False,2,26568,3
937,30,1,1,0,1,2063,6,343.8333333333333,False,True,False,False,False,False,True,False,False,2,12378,0
241,51,1,1,0,3,1595,6,265.8333333333333,True,False,False,False,False,False,True,False,False,1,9570,1
702,47,0,1,1,2,1377,24,57.375,False,False,False,False,False,False,True,False,False,1,33048,1
910,34,0,1,0,3,4454,36,123.72222222222224,True,False,False,False,False,False,True,False,False,2,160344,0
743,22,1,1,2,0,2483,24,103.45833333333331,True,False,False,False,False,True,False,False,False,2,59592,3
913,28,1,1,3,3,2142,11,194.72727272727272,True,False,False,False,False,False,False,False,False,2,23562,0
684,31,1,1,1,1,9857,36,273.80555555555554,True,False,False,False,False,False,False,False,False,0,354852,0
829,38,1,1,4,1,6681,48,139.1875,False,False,False,False,False,False,False,False,False,0,320688,0
949,31,1,1,1,3,3621,24,150.875,True,False,False,False,False,False,True,False,False,2,86904,0
425,21,1,1,0,1,2779,18,154.38888888888889,False,True,True,False,False,False,False,False,False,2,50022,3
970,22,1,1,1,1,1514,15,100.93333333333334,True,False,False,False,False,False,False,True,False,1,22710,3
559,31,1,1,0,1,1928,18,107.11111111111111,True,False,False,False,False,True,False,False,False,1,34704,0
293,56,1,1,0,2,4796,42,114.1904761904762,False,False,True,False,False,False,False,False,False,2,201432,1
814,46,1,1,0,0,3931,48,81.89583333333333,False,False,True,False,False,False,False,False,False,2,188688,1
484,44,1,1,2,3,1163,12,96.91666666666669,True,False,True,False,False,False,False,False,False,1,13956,1
543,34,1,1,0,2,2864,18,159.11111111111111,True,False,False,False,False,True,False,False,False,2,51552,0
127,30,1,1,0,1,639,12,53.25,True,False,False,False,False,False,False,True,False,1,7668,0
254,24,1,1,4,1,2030,9,225.55555555555557,True,False,False,False,False,True,False,False,False,2,18270,3
860,27,1,1,3,3,5804,24,241.83333333333331,True,False,True,False,False,False,False,False,False,0,139296,0
666,34,1,1,3,1,3496,30,116.53333333333332,True,False,False,False,False,True,False,False,False,2,104880,0
735,29,0,0,4,1,3990,36,110.83333333333331,True,False,False,True,False,False,False,False,False,2,143640,0
412,42,1,1,0,3,2292,12,191.0,True,False,False,False,False,False,False,False,False,2,27504,1
979,25,1,1,1,1,1264,15,84.26666666666667,False,True,True,False,False,False,False,False,False,1,18960,0
833,42,0,1,4,1,5084,24,211.83333333333331,True,False,False,False,False,False,True,False,False,0,122016,1
255,27,1,1,4,1,7418,60,123.63333333333334,True,False,False,False,False,False,True,False,False,0,445080,0
777,25,0,1,0,0,3509,18,194.94444444444449,True,False,False,False,False,False,True,False,False,2,63162,0
740,32,1,1,1,0,2325,24,96.875,True,False,True,False,False,False,False,False,False,2,55800,0
348,34,1,1,1,3,1743,6,290.5,True,False,False,False,False,False,False,False,False,1,10458,0
709,37,1,1,0,1,2118,9,235.33333333333331,True,False,False,False,False,False,True,False,False,2,19062,0
451,29,0,1,0,3,518,6,86.33333333333333,True,False,False,False,False,False,True,False,False,1,3108,0
890,43,1,1,0,0,2442,27,90.44444444444444,True,False,False,False,False,False,False,False,False,2,65934,1
396,55,0,1,0,0,2578,12,214.83333333333331,False,False,False,False,False,True,False,False,False,2,30936,1
284,37,1,1,1,1,3878,24,161.58333333333334,True,False,True,False,False,False,False,False,False,2,93072,0
688,35,1,1,1,3,2753,9,305.8888888888889,True,False,False,False,False,False,True,False,False,2,24777,0
693,44,1,1,4,0,4716,6,786.0,True,False,True,False,False,False,False,False,False,2,28296,1
312,26,0,1,0,2,3749,24,156.20833333333334,True,False,False,False,False,True,False,False,False,2,89976,0
415,35,1,1,0,3,5842,36,162.27777777777777,True,False,True,False,False,False,False,False,False,0,210312,0
423,34,1,1,1,3,1591,21,75.76190476190476,True,False,False,False,False,True,False,False,False,1,33411,0
246,52,1,1,0,3,717,12,59.75,True,False,False,False,False,False,True,False,False,1,8604,1
950,40,1,0,0,1,3590,18,199.44444444444449,True,False,False,False,False,False,False,False,False,2,64620,1
809,26,0,0,0,1,1778,15,118.53333333333332,False,True,True,False,False,False,False,False,False,1,26670,0
517,23,0,1,0,3,7127,36,197.97222222222223,False,True,False,False,False,True,False,False,False,0,256572,3
384,26,1,1,1,3,4272,30,142.4,True,False,False,False,False,False,False,False,False,2,128160,0
554,67,0,1,0,1,1199,9,133.22222222222223,True,False,False,False,True,False,False,False,False,1,10791,2
700,29,0,1,2,3,1123,12,93.58333333333331,False,True,False,False,False,True,False,False,False,1,13476,0
985,25,0,1,0,0,1433,15,95.53333333333332,False,True,False,False,False,True,False,False,False,1,21495,0
922,22,0,1,0,0,1366,9,151.77777777777777,False,True,False,False,False,False,True,False,False,1,12294,3
897,35,0,1,3,3,1592,12,132.66666666666666,True,False,False,False,False,True,False,False,False,1,19104,0
678,64,1,1,0,0,2384,24,99.33333333333331,False,True,False,False,False,False,True,False,False,2,57216,2
844,47,1,1,0,3,3422,18,190.11111111111111,True,False,False,False,False,True,False,False,False,2,61596,1
706,24,1,1,1,1,6560,48,136.66666666666666,True,False,True,False,False,False,False,False,False,0,314880,3
837,23,0,1,0,3,601,4,150.25,False,True,False,False,False,True,False,False,False,1,2404,3
610,22,0,1,1,0,741,12,61.75,True,False,False,True,False,False,False,False,False,1,8892,3
954,29,0,1,0,0,1893,12,157.75,True,False,True,False,False,False,False,False,False,1,22716,0
634,25,0,1,0,1,1355,24,56.458333333333336,True,False,True,False,False,False,False,False,False,1,32520,0
98,36,1,1,0,1,2337,36,64.91666666666667,True,False,False,False,False,False,True,False,False,2,84132,0
264,32,1,1,0,3,1231,10,123.1,True,False,True,False,False,False,False,False,False,1,12310,0
766,31,1,1,0,0,3108,30,103.6,True,False,False,False,False,True,False,False,False,2,93240,0
177,52,1,1,2,0,338,6,56.333333333333336,True,False,False,False,False,False,True,False,False,1,2028,1
575,24,0,1,0,3,2788,15,185.86666666666667,True,False,False,False,False,True,False,False,False,2,41820,3
39,24,1,1,0,1,458,9,50.888888888888886,True,False,False,False,False,False,True,False,False,1,4122,3
593,20,0,1,0,1,2718,24,113.25,False,True,True,False,False,False,False,False,False,2,65232,3
188,20,1,1,1,0,674,12,56.16666666666666,True,False,False,False,False,False,True,False,False,1,8088,3
718,31,1,1,4,2,3148,24,131.16666666666666,True,False,False,False,False,False,True,False,False,2,75552,0
847,28,1,1,0,3,1249,24,52.04166666666666,True,False,True,False,False,False,False,False,False,1,29976,0
838,63,1,1,0,0,2957,24,123.20833333333331,True,False,True,False,False,False,False,False,False,2,70968,2
938,42,1,1,0,1,6288,60,104.8,False,False,False,False,True,False,False,False,False,0,377280,1
808,55,1,1,0,1,9283,42,221.02380952380952,False,False,True,False,False,False,False,False,False,0,389886,1
109,35,1,1,2,1,1410,14,100.71428571428572,True,False,False,False,False,False,False,False,False,1,19740,0
617,37,1,1,0,0,3676,6,612.6666666666666,False,True,True,False,False,False,False,False,False,2,22056,0
262,36,1,1,0,0,5302,18,294.55555555555554,False,False,True,False,False,False,False,False,False,0,95436,0
631,44,1,1,0,0,1553,18,86.27777777777777,True,False,False,False,False,True,False,False,False,1,27954,1
756,74,1,0,0,2,1299,6,216.5,True,False,True,False,False,False,False,False,False,1,7794,2
503,38,1,1,1,1,1216,24,50.66666666666666,True,False,False,False,False,False,True,False,False,1,29184,0
606,74,1,1,0,3,4526,24,188.58333333333331,True,False,False,False,False,False,False,False,False,2,108624,2
866,27,0,1,0,0,2389,18,132.72222222222223,True,False,False,False,False,False,True,False,False,2,43002,0
228,22,1,1,0,3,1478,9,164.22222222222223,True,False,False,False,False,False,True,False,False,1,13302,3
431,29,1,1,0,1,11328,24,472.0,True,False,False,False,False,False,False,False,True,3,271872,0
436,23,1,1,2,3,660,6,110.0,False,True,False,False,False,False,False,True,False,1,3960,3
874,29,1,1,0,0,3590,12,299.1666666666667,True,False,False,False,False,True,False,False,False,2,43080,0
239,39,1,1,0,0,2522,30,84.06666666666666,True,False,False,False,False,False,True,False,False,2,75660,0
4,53,1,1,0,0,4870,24,202.91666666666663,False,False,True,False,False,False,False,False,False,2,116880,1
703,41,1,1,1,1,2503,30,83.43333333333334,True,False,False,False,False,False,False,False,False,2,75090,1
971,43,1,1,0,3,7393,24,308.0416666666667,True,False,True,False,False,False,False,False,False,0,177432,1
671,31,1,1,1,3,5742,36,159.5,True,False,False,False,False,False,False,False,False,0,206712,0
813,54,1,1,0,0,3051,48,63.5625,True,False,False,True,False,False,False,False,False,2,146448,1
599,32,1,1,0,3,3863,24,160.95833333333334,False,False,False,False,False,False,False,False,False,2,92712,0
797,22,0,1,0,3,1258,12,104.83333333333331,False,True,False,False,False,True,False,False,False,1,15096,3
749,33,1,1,0,3,3029,15,201.9333333333333,True,False,True,False,False,False,False,False,False,2,45435,0
112,28,1,1,0,1,6260,18,347.77777777777777,False,True,True,False,False,False,False,False,False,0,112680,0
800,54,1,1,0,3,1597,24,66.54166666666667,False,False,False,False,True,False,False,False,False,1,38328,1
630,28,0,1,0,0,3660,24,152.5,True,False,False,False,False,False,True,False,False,2,87840,0
446,34,0,1,0,0,1842,36,51.16666666666666,True,False,True,False,False,False,False,False,False,1,66312,0
551,45,1,1,2,3,1750,6,291.6666666666667,True,False,False,False,False,False,True,False,False,1,10500,1
51,30,1,1,0,1,5965,27,220.92592592592592,True,False,True,False,False,False,False,False,False,0,161055,0
36,31,1,1,0,3,6110,48,127.29166666666669,False,False,False,False,True,False,False,False,False,0,293280,0
221,23,0,1,4,0,1200,12,100.0,False,True,False,False,True,False,False,False,False,1,14400,3
150,42,1,1,1,3,1346,6,224.33333333333331,False,False,False,False,False,False,True,False,False,1,8076,1
30,36,1,1,3,1,1913,18,106.27777777777776,True,False,False,False,False,False,False,False,False,1,34434,0
869,24,0,1,0,0,652,12,54.333333333333336,False,True,False,False,False,True,False,False,False,1,7824,3
252,24,0,1,0,1,2150,30,71.66666666666667,True,False,True,False,False,False,False,False,False,2,64500,3
536,75,0,1,4,0,1374,6,229.0,True,False,True,False,False,False,False,False,False,1,8244,2
417,23,0,1,4,0,8471,18,470.6111111111111,False,True,False,False,True,False,False,False,False,0,152478,3
318,32,1,1,0,3,701,12,58.41666666666666,True,False,False,False,True,False,False,False,False,1,8412,0
459,32,1,1,0,3,4594,18,255.22222222222223,True,False,False,False,False,False,True,False,False,2,82692,0
738,45,1,1,0,3,6761,6,1126.8333333333333,True,False,True,False,False,False,False,False,False,0,40566,1
430,74,1,1,0,3,3448,5,689.6,True,False,False,False,False,False,False,False,False,2,17240,2
650,50,1,1,0,0,7476,48,155.75,False,False,False,False,True,False,False,False,False,0,358848,1
545,43,1,1,0,0,1333,24,55.54166666666666,False,False,True,False,False,False,False,False,False,1,31992,1
154,36,1,1,1,1,6967,24,290.2916666666667,False,True,False,False,False,False,False,False,False,0,167208,0
70,30,0,1,0,3,8133,36,225.91666666666663,True,False,True,False,False,False,False,False,False,0,292788,0
516,40,1,1,0,0,1361,6,226.83333333333331,True,False,True,False,False,False,False,False,False,1,8166,1
708,25,0,1,0,1,1206,9,134.0,True,False,False,False,False,False,True,False,False,1,10854,0
144,23,0,1,0,3,2288,21,108.95238095238096,True,False,False,False,False,True,False,False,False,2,48048,3
974,33,0,1,0,3,2831,30,94.36666666666666,True,False,False,False,False,False,True,False,False,2,84930,0
570,23,0,1,0,0,3234,24,134.75,False,True,False,False,False,True,False,False,False,2,77616,3
73,41,0,1,0,1,5954,42,141.76190476190476,True,False,False,False,False,False,False,False,False,0,250068,1
15,32,0,1,1,0,1282,24,53.41666666666666,True,False,False,False,False,False,True,False,False,1,30768,0
173,33,1,1,0,1,1414,8,176.75,True,False,False,False,False,False,True,False,False,1,11312,0
44,58,0,1,0,0,6143,48,127.97916666666669,False,False,True,False,False,False,False,False,False,0,294864,1
539,45,0,1,0,2,3049,18,169.38888888888889,True,False,False,False,False,True,False,False,False,2,54882,1
418,31,0,1,2,3,2782,21,132.47619047619048,True,False,True,False,False,False,False,False,False,2,58422,0
205,38,1,1,0,0,10623,30,354.1,False,False,True,False,False,False,False,False,False,3,318690,0
839,46,1,1,0,3,2611,24,108.79166666666669,True,False,False,False,False,False,True,False,False,2,62664,1
238,35,0,1,0,3,1291,12,107.58333333333331,True,False,False,False,False,False,True,False,False,1,15492,0
871,46,1,1,0,2,1343,6,223.83333333333331,True,False,True,False,False,False,False,False,False,1,8058,1
58,23,0,1,0,2,1961,18,108.94444444444444,True,False,True,False,False,False,False,False,False,1,35298,3
371,33,1,1,0,3,6070,18,337.22222222222223,True,False,False,False,False,False,True,False,False,0,109260,0
823,47,1,1,0,0,731,8,91.375,True,False,True,False,False,False,False,False,False,1,5848,1
789,27,1,1,0,0,5998,40,149.95,True,False,False,False,True,False,False,False,False,0,239920,0
796,51,1,1,4,0,7511,18,417.27777777777777,False,False,True,False,False,False,False,False,False,0,135198,1
325,39,1,1,0,0,3398,8,424.75,True,False,True,False,False,False,False,False,False,2,27184,0
770,26,0,1,4,0,2812,24,117.16666666666669,False,True,True,False,False,False,False,False,False,2,67488,0
276,26,0,1,0,3,2404,18,133.55555555555554,True,False,False,False,False,False,True,False,False,2,43272,0
799,35,1,0,4,1,1549,9,172.11111111111111,True,False,True,False,False,False,False,False,False,1,13941,0
504,24,0,1,0,0,1207,24,50.29166666666666,False,True,True,False,False,False,False,False,False,1,28968,3
498,32,1,1,0,1,1301,18,72.27777777777777,True,False,False,False,False,False,True,False,False,1,23418,0
996,40,1,1,0,0,3857,30,128.56666666666666,True,False,True,False,False,False,False,False,False,2,115710,1
298,43,1,1,0,3,2515,18,139.72222222222223,True,False,False,False,False,True,False,False,False,2,45270,1
222,30,1,1,0,3,707,12,58.91666666666666,True,False,False,False,False,False,True,False,False,1,8484,0
179,65,1,1,0,0,571,21,27.19047619047619,True,False,True,False,False,False,False,False,False,1,11991,2
608,33,1,1,0,3,2051,18,113.94444444444444,True,False,False,False,False,False,True,False,False,2,36918,0
802,24,0,1,0,0,4272,20,213.6,True,False,False,False,False,True,False,False,False,2,85440,3
440,39,1,1,0,3,1884,12,157.0,True,False,True,False,False,False,False,False,False,1,22608,0
771,25,0,1,0,0,8065,36,224.02777777777777,True,False,False,False,True,False,False,False,False,0,290340,0
522,53,1,1,0,0,7119,48,148.3125,False,False,False,False,False,True,False,False,False,0,341712,1
848,59,1,1,0,0,1364,9,151.55555555555554,True,False,False,False,False,False,True,False,False,1,12276,1
120,25,0,1,0,0,1835,21,87.38095238095238,True,False,False,False,False,False,True,False,False,1,38535,0
619,49,1,1,0,3,640,12,53.333333333333336,True,False,True,False,False,False,False,False,False,1,7680,1
428,20,1,1,0,3,1313,9,145.88888888888889,True,False,False,False,False,True,False,False,False,1,11817,3
1,22,0,1,0,1,5951,48,123.97916666666669,True,False,False,False,False,False,True,False,False,0,285648,3
934,23,0,1,0,0,1498,12,124.83333333333331,True,False,False,False,False,False,True,False,False,1,17976,3
615,48,1,1,4,1,12204,48,254.25,True,False,False,False,False,False,False,False,False,3,585792,1
91,54,1,1,0,0,1409,12,117.41666666666669,True,False,True,False,False,False,False,False,False,1,16908,1
227,53,1,1,0,0,7865,12,655.4166666666666,False,False,False,False,False,True,False,False,False,0,94380,1
38,37,1,1,0,2,1225,10,122.5,True,False,False,True,False,False,False,False,False,1,12250,0
853,32,1,1,0,0,1442,18,80.11111111111111,False,False,True,False,False,False,False,False,False,1,25956,0
558,27,1,1,0,0,3552,24,148.0,True,False,False,False,False,True,False,False,False,2,85248,0
469,35,1,1,0,3,4679,24,194.95833333333331,True,False,True,False,False,False,False,False,False,2,112296,0
497,40,1,1,0,3,1585,24,66.04166666666667,True,False,False,False,False,True,False,False,False,1,38040,1
404,43,1,1,4,1,2899,18,161.05555555555554,True,False,True,False,False,False,False,False,False,2,52182,1
105,39,1,1,0,1,11938,24,497.4166666666667,True,False,False,False,False,False,False,False,True,3,286512,0
374,60,0,1,1,1,14782,60,246.36666666666667,False,False,False,False,False,False,False,False,True,3,886920,2
618,21,0,1,1,1,3441,30,114.7,False,True,False,False,False,True,False,False,False,2,103230,3
381,38,0,1,0,1,12976,18,720.8888888888889,False,False,True,False,False,False,False,False,False,3,233568,0
854,45,1,1,0,3,10875,36,302.0833333333333,True,False,True,False,False,False,False,False,False,3,391500,1
263,57,0,1,0,3,2748,12,229.0,False,False,False,False,True,False,False,False,False,2,32976,1
14,28,0,1,0,0,1403,15,93.53333333333332,False,True,True,False,False,False,False,False,False,1,21045,0
346,23,1,1,0,1,882,13,67.84615384615384,True,False,False,False,False,False,True,False,False,1,11466,3
659,41,1,1,0,1,6361,18,353.3888888888889,True,False,False,False,False,True,False,False,False,0,114498,1
426,29,1,1,0,3,2743,28,97.96428571428572,True,False,False,False,False,False,True,False,False,2,76804,0
302,37,1,1,4,2,1344,24,56.0,True,False,True,False,False,False,False,False,False,1,32256,0
184,36,1,1,0,1,884,18,49.11111111111112,True,False,True,False,False,False,False,False,False,1,15912,0
931,22,0,1,0,1,1670,9,185.55555555555557,True,False,False,False,False,False,True,False,False,1,15030,3
991,34,1,1,1,3,1569,15,104.6,True,False,False,False,False,False,True,False,False,1,23535,0
707,25,0,1,0,1,2969,12,247.41666666666663,False,True,False,False,False,True,False,False,False,2,35628,0
908,46,0,1,0,3,3594,15,239.6,True,False,True,False,False,False,False,False,False,2,53910,1
530,32,1,1,0,1,2273,36,63.138888888888886,True,False,False,False,True,False,False,False,False,2,81828,0
978,47,1,1,0,3,2538,24,105.75,True,False,True,False,False,False,False,False,False,2,60912,1
553,27,1,1,1,1,1995,12,166.25,True,False,True,False,False,False,False,False,False,1,23940,0
921,37,1,1,2,3,12749,48,265.6041666666667,True,False,False,False,False,False,True,False,False,3,611952,0
265,37,1,1,0,1,802,15,53.46666666666667,True,False,False,False,False,False,True,False,False,1,12030,0
620,27,1,1,0,1,3652,21,173.9047619047619,True,False,False,False,False,False,False,False,False,2,76692,0
616,27,1,1,4,1,9157,60,152.61666666666667,False,False,False,False,False,False,True,False,False,0,549420,0
752,23,0,1,1,1,841,12,70.08333333333333,False,True,False,False,False,False,False,False,False,1,10092,3
207,26,1,1,0,1,1424,12,118.66666666666669,True,False,False,True,False,False,False,False,False,1,17088,0
861,28,1,1,0,3,2169,18,120.5,True,False,False,False,False,False,False,False,False,2,39042,0
768,28,1,1,0,1,3617,12,301.4166666666667,False,True,False,False,False,True,False,False,False,2,43404,0
521,24,0,1,0,0,3190,18,177.22222222222223,True,False,False,False,False,False,True,False,False,2,57420,3
746,23,0,1,0,0,2511,15,167.4,False,True,True,False,False,False,False,False,False,2,37665,3
560,49,1,1,4,0,2964,24,123.5,False,False,True,False,False,False,False,False,False,2,71136,1
64,26,0,1,0,3,3181,24,132.54166666666666,True,False,False,False,False,False,True,False,False,2,76344,0
520,44,1,1,0,3,5507,24,229.45833333333331,False,False,False,False,False,False,False,True,False,0,132168,1
614,22,0,1,0,3,1808,18,100.44444444444444,True,False,False,False,False,True,False,False,False,1,32544,3
951,24,1,1,0,0,2145,36,59.583333333333336,True,False,False,False,False,False,False,False,False,2,77220,3
822,41,1,1,0,0,2712,36,75.33333333333333,True,False,False,False,False,True,False,False,False,2,97632,1
277,49,1,1,4,0,1262,12,105.16666666666669,True,False,False,False,False,True,False,False,False,1,15144,1
23,44,1,1,1,1,1804,12,150.33333333333334,True,False,True,False,False,False,False,False,False,1,21648,1
344,37,1,1,0,2,3949,10,394.9,True,False,True,False,False,False,False,False,False,2,39490,0
502,49,1,1,1,2,1126,9,125.11111111111111,True,False,False,False,False,False,True,False,False,1,10134,1
178,31,1,1,0,3,1963,12,163.58333333333334,False,True,False,False,False,False,True,False,False,1,23556,0
305,33,1,1,3,3,1543,6,257.1666666666667,True,False,False,False,False,True,False,False,False,1,9258,0
209,55,1,1,3,3,1413,12,117.75,True,False,True,False,False,False,False,False,False,1,16956,1
424,25,0,1,4,1,2762,12,230.16666666666663,True,False,False,False,False,True,False,False,False,2,33144,0
888,34,1,1,0,3,6614,36,183.72222222222223,True,False,True,False,False,False,False,False,False,0,238104,0
454,31,1,1,0,0,4817,24,200.70833333333331,True,False,True,False,False,False,False,False,False,2,115608,0
538,42,1,1,0,0,7763,48,161.72916666666666,False,False,True,False,False,False,False,False,False,0,372624,1
379,52,0,1,1,3,362,6,60.333333333333336,True,False,True,False,False,False,False,False,False,1,2172,1
845,35,1,1,4,1,3976,21,189.33333333333331,True,False,False,False,False,True,False,False,False,2,83496,0
339,31,1,1,0,1,1521,10,152.1,True,False,False,False,False,True,False,False,False,1,15210,0
725,41,0,1,3,3,250,6,41.66666666666666,True,False,True,False,False,False,False,False,False,1,1500,1
146,39,0,1,0,0,860,6,143.33333333333334,True,False,True,False,False,False,False,False,False,1,5160,0
727,25,0,1,0,0,1882,18,104.55555555555556,False,True,False,False,False,False,True,False,False,1,33876,0
967,54,0,1,0,3,3568,15,237.86666666666667,False,True,False,False,False,False,True,False,False,2,53520,1
113,25,0,1,0,3,7855,36,218.19444444444449,True,False,True,False,False,False,False,False,False,0,282780,0
411,35,1,1,0,3,7253,33,219.7878787878788,True,False,True,False,False,False,False,False,False,0,239349,0
100,41,1,1,1,3,1469,24,61.208333333333336,False,True,True,False,False,False,False,False,False,1,35256,1
501,42,1,1,0,0,5493,36,152.58333333333334,False,False,True,False,False,False,False,False,False,0,197748,1
363,21,1,1,0,3,1766,6,294.3333333333333,False,True,False,False,False,True,False,False,False,1,10596,3
236,23,1,0,4,1,14555,6,2425.833333333333,True,False,True,False,False,False,False,False,False,3,87330,3
510,26,1,1,0,0,759,12,63.25,True,False,True,False,False,False,False,False,False,1,9108,0
137,66,1,1,2,1,766,12,63.833333333333336,True,False,False,False,False,False,True,False,False,1,9192,2
673,24,1,1,2,3,2080,6,346.6666666666667,True,False,True,False,False,False,False,False,False,2,12480,3
22,48,1,1,0,0,2241,10,224.1,False,True,True,False,False,False,False,False,False,2,22410,1
769,63,1,1,0,3,1655,12,137.91666666666666,True,False,False,False,False,False,True,False,False,1,19860,2
82,24,0,1,1,3,1568,18,87.11111111111111,False,True,False,False,False,False,False,False,False,1,28224,3
121,41,0,1,0,3,3868,24,161.16666666666666,False,True,True,False,False,False,False,False,False,2,92832,1
299,32,1,1,3,1,2745,21,130.71428571428572,True,False,False,False,False,True,False,False,False,2,57645,0
955,57,0,1,3,0,1231,24,51.29166666666666,False,True,False,False,False,False,True,False,False,1,29544,1
478,39,1,1,1,1,1037,12,86.41666666666667,True,False,False,False,False,False,False,False,False,1,12444,0
117,27,0,1,4,0,2132,10,213.2,False,True,False,False,False,True,False,False,False,2,21320,0
